distribution_id,simulation_type,n_samples,metadata.synth_metadata_mean_std_synth_camera_position_mean_x,metadata.synth_metadata_mean_std_synth_camera_position_mean_y,metadata.synth_metadata_mean_std_synth_camera_position_std_x,metadata.synth_metadata_mean_std_synth_camera_position_std_y,metadata.synth_metadata_mean_std_synth_camera_roll_mean,metadata.synth_metadata_mean_std_synth_camera_roll_std,metadata.synth_metadata_mean_std_synth_camera_tilt_mean,metadata.synth_metadata_mean_std_synth_camera_tilt_std,metadata.synth_metadata_mean_std_synth_camera_type,metadata.synth_metadata_mean_std_synth_camera_yaw_mean,metadata.synth_metadata_mean_std_synth_camera_yaw_std,metadata.synth_metadata_mean_std_synth_clutter_level,metadata.synth_metadata_mean_std_synth_dataset_noise_enabled,metadata.synth_metadata_mean_std_synth_dataset_noise_jpeg_quality_mean,metadata.synth_metadata_mean_std_synth_dataset_noise_jpeg_quality_std,metadata.synth_metadata_mean_std_synth_dataset_noise_mode,metadata.synth_metadata_mean_std_synth_dataset_noise_seed,metadata.synth_metadata_mean_std_synth_dataset_noise_shot_scale_mean,metadata.synth_metadata_mean_std_synth_dataset_noise_shot_scale_std,metadata.synth_metadata_mean_std_synth_dataset_noise_sigma_mean,metadata.synth_metadata_mean_std_synth_dataset_noise_sigma_std,metadata.synth_metadata_mean_std_synth_dist_BarelPlastic_diversity,metadata.synth_metadata_mean_std_synth_dist_BarelPlastic_instances,metadata.synth_metadata_mean_std_synth_dist_BarelPlastic_occurrence,metadata.synth_metadata_mean_std_synth_dist_BottlePlastic_diversity,metadata.synth_metadata_mean_std_synth_dist_BottlePlastic_instances,metadata.synth_metadata_mean_std_synth_dist_BottlePlastic_occurrence,metadata.synth_metadata_mean_std_synth_dist_Bucket_diversity,metadata.synth_metadata_mean_std_synth_dist_Bucket_instances,metadata.synth_metadata_mean_std_synth_dist_Bucket_occurrence,metadata.synth_metadata_mean_std_synth_dist_CardBox_diversity,metadata.synth_metadata_mean_std_synth_dist_CardBox_instances,metadata.synth_metadata_mean_std_synth_dist_CardBox_occurrence,metadata.synth_metadata_mean_std_synth_dist_CratePlastic_diversity,metadata.synth_metadata_mean_std_synth_dist_CratePlastic_instances,metadata.synth_metadata_mean_std_synth_dist_CratePlastic_occurrence,metadata.synth_metadata_mean_std_synth_dist_PushCart_diversity,metadata.synth_metadata_mean_std_synth_dist_PushCart_instances,metadata.synth_metadata_mean_std_synth_dist_PushCart_occurrence,metadata.synth_metadata_mean_std_synth_dist_RackPile_diversity,metadata.synth_metadata_mean_std_synth_dist_RackPile_instances,metadata.synth_metadata_mean_std_synth_dist_RackPile_occurrence,metadata.synth_metadata_mean_std_synth_dist_TrafficSigns_diversity,metadata.synth_metadata_mean_std_synth_dist_TrafficSigns_instances,metadata.synth_metadata_mean_std_synth_dist_TrafficSigns_occurrence,metadata.synth_metadata_mean_std_synth_distractor_scale_mean,metadata.synth_metadata_mean_std_synth_distractor_scale_std,metadata.synth_metadata_mean_std_synth_distractors,metadata.synth_metadata_mean_std_synth_env_name,metadata.synth_metadata_mean_std_synth_focal_length_std,metadata.synth_metadata_mean_std_synth_fov_mean,metadata.synth_metadata_mean_std_synth_fov_std,metadata.synth_metadata_mean_std_synth_image_augmentation_enabled,metadata.synth_metadata_mean_std_synth_image_brightness_gain_mean,metadata.synth_metadata_mean_std_synth_image_brightness_gain_std,metadata.synth_metadata_mean_std_synth_image_contrast_gain_mean,metadata.synth_metadata_mean_std_synth_image_contrast_gain_std,metadata.synth_metadata_mean_std_synth_image_gamma_mean,metadata.synth_metadata_mean_std_synth_image_gamma_std,metadata.synth_metadata_mean_std_synth_jpeg_quality_mean,metadata.synth_metadata_mean_std_synth_jpeg_quality_std,metadata.synth_metadata_mean_std_synth_image_color_gain_mean_b,metadata.synth_metadata_mean_std_synth_lighting_color_mean_b,metadata.synth_metadata_mean_std_synth_lighting_color_mean_g,metadata.synth_metadata_mean_std_synth_lighting_color_mean_r,metadata.synth_metadata_mean_std_synth_lighting_color_std_b,metadata.synth_metadata_mean_std_synth_lighting_color_std_g,metadata.synth_metadata_mean_std_synth_lighting_intensity_mean,metadata.synth_metadata_mean_std_synth_lighting_intensity_std,metadata.synth_metadata_mean_std_synth_materials_roughness_mean,metadata.synth_metadata_mean_std_synth_materials_roughness_std,metadata.synth_metadata_mean_std_synth_materials_emissive_intensity_mean,metadata.synth_metadata_mean_std_synth_materials_emissive_intensity_std,metadata.synth_metadata_mean_std_synth_palletjack_color_randomized,metadata.synth_metadata_mean_std_synth_lighting_color_std_r,metadata.synth_metadata_mean_std_synth_texture_1,metadata.synth_metadata_mean_std_synth_texture_3,metadata.synth_metadata_mean_std_synth_texture_2
dist_50,simulation_1,128,-1,2,6.2585001025836515,7.9631539833257285,0,6,-19,0.9359671220172159,fisheyePolynomial,180,72.10592611560483,3.540362888980227,0,35,9,gaussian_jpeg,-1,53,1,7.342234736668553,0.27898772130408367,3,47,3,5,25,4,1,6,2,2,110,2,2,119,5,2,5,1,3,18,1,2,11,2,1.25,0.14430130557311838,warehouse,warehouse,0,77,6.826971955402957,0,1,0,1,0,1,0,97.5,1.4433803964376468,1,0.5,0.5,0.5,0.28869925384231493,0.28869439174052475,208808,539526,0.40926500090975443,0.27237211526084437,44,56.57538032108939,1,0.2886761410741626,nv_marble.jpg,nv_gravel_grey_leaves.jpg,nv_tile_square_green.jpg
dist_51,simulation_1,128,-1,2,4.724031618281847,9.142816854336314,0,5,-20,4.2794687233379705,pinhole,180,88.2418820956833,2.4689779818219537,1,25,3,shot,-1,93,0,4.924595076427557,1.5111022770860973,2,11,3,2,112,6,1,7,2,6,145,2,5,68,5,2,5,1,1,18,4,2,18,2,1.25,0.14430026304621776,warehouse,warehouse,0,63,9.600367927387634,0,1,0,1,0,1,0,97.5,1.4433837279072128,1,0.5,0.5,0.5,0.288687982122053,0.28869258859474994,102271,583775,0.5368565648149206,0.13254067181270626,249,86.85608832391168,1,0.2886821323983306,nv_asphalt_yellow_weathered.jpg,nv_concrete_aged_with_lines.jpg,nv_brick_reclaimed.jpg
dist_52,simulation_1,128,-1,2,2.709829316911674,7.303313240950779,0,1,-7,2.3204120778032244,pinhole,180,47.40130334977456,0.5673676062029454,1,33,5,gaussian,-1,25,3,10.805016685959966,1.2662029145465359,3,45,4,5,107,5,1,7,2,2,30,6,4,3,2,2,1,1,2,28,3,2,6,2,1.25,0.144327060237742,warehouse,warehouse_multiple_shelves,0,101,7.603290246102404,0,1,0,1,0,1,0,97.5,1.443389630119547,1,0.5,0.5,0.5,0.2886773524621191,0.28868420462485456,84062,165294,0.5405537058429805,0.16202967062090345,446,182.19403145954257,1,0.28869488378416513,nv_marble.jpg,nv_granite_tile.jpg,nv_marble.jpg
dist_53,simulation_1,128,-1,2,2.0761648410017557,7.074054959629462,0,10,-19,3.10997791418242,pinhole,180,81.21649539455046,3.5124204199355464,0,23,9,shot,-1,84,2,8.42360252709244,1.591585338872202,5,43,3,2,70,2,1,5,2,4,53,4,2,6,5,1,2,2,3,9,3,2,3,2,1.25,0.14430196267946035,warehouse,warehouse_with_forklifts,0,111,6.614102438108367,0,1,0,1,0,1,0,97.5,1.44338372197241,1,0.5,0.5,0.5,0.288694893158001,0.2886817821341398,116210,70112,0.20887276340229569,0.280880667689294,418,200.9104516455554,1,0.28868523572446,nv_wood_siding_weathered_green.jpg,nv_gravel_grey_leaves.jpg,nv_gravel_grey_leaves.jpg
dist_54,simulation_1,128,-1,2,4.6176654896147085,7.2267117813942745,0,0,-14,3.7551594942854183,fisheyePolynomial,180,77.57589500379979,0.8146721354071484,0,29,3,gaussian,-1,56,2,11.297577705318302,0.7722052756015485,5,114,2,2,13,2,1,1,2,5,14,2,5,4,5,1,2,3,2,36,3,2,17,2,1.25,0.14431071561813438,warehouse,warehouse_with_forklifts,0,68,5.604126600549482,0,1,0,1,0,1,0,97.5,1.443394641330012,1,0.5,0.5,0.5,0.2886835317066393,0.2886982829986865,193807,271671,0.4628048834205668,0.23745424151030287,51,260.5445870368766,1,0.2886876436096574,nv_asphalt_yellow_weathered.jpg,nv_granite_tile.jpg,nv_granite_tile.jpg
dist_55,simulation_1,128,-1,2,5.331402101101643,7.098457317613147,0,1,-21,4.20581478875472,fisheyePolynomial,180,82.09301157986714,0.4067439032094988,0,35,5,shot_jpeg,-1,49,0,9.325762991129242,1.11680849947161,3,114,2,3,3,4,1,1,2,2,23,4,4,74,5,1,5,3,1,39,1,2,20,2,1.25,0.14430163886808564,warehouse,warehouse_multiple_shelves,0,79,9.785117749333693,0,1,0,1,0,1,0,97.5,1.443388541431966,1,0.5,0.5,0.5,0.2886907477813183,0.2886924068078416,119090,385846,0.40451001737749437,0.2680491568581642,22,81.10708819739109,1,0.28869877443418324,nv_marble.jpg,nv_gravel_grey_leaves.jpg,nv_gravel_grey_leaves.jpg
dist_56,simulation_1,128,-1,2,5.571711325347742,9.903298584007022,0,1,-9,2.285345139786129,pinhole,180,94.6412269475581,2.3434657989748513,0,22,3,shot,-1,81,3,10.195768688128938,0.4946962034863953,3,18,5,4,29,5,1,7,2,3,22,5,4,97,4,2,9,2,3,17,1,2,2,2,1.25,0.14432869255545688,warehouse,full_warehouse,0,39,5.454112911646179,0,1,0,1,0,1,0,97.5,1.4433901504722528,1,0.5,0.5,0.5,0.28868481793266054,0.28868594889222315,202270,225247,0.3798963287815902,0.2435288000435418,198,179.58096551734695,1,0.28869657287453526,nv_plastic_blue.jpg,nv_granite_tile.jpg,nv_gravel_grey_leaves.jpg
dist_57,simulation_1,128,-1,2,2.034642437136597,3.3168327042272647,0,5,-18,2.1856191662884528,fisheyePolynomial,180,18.7346532849044,3.997051994545213,1,19,9,jpeg,-1,33,0,4.445665233496584,0.9690459703820427,4,47,3,4,6,3,1,8,2,6,93,4,2,57,4,1,5,2,1,13,1,2,8,2,1.25,0.14430454959625214,warehouse,warehouse,0,75,3.6084420166119657,0,1,0,1,0,1,0,97.5,1.4433888787652787,1,0.5,0.5,0.5,0.2886896836667663,0.28869364928361296,114857,98358,0.29932157254694014,0.15576620076709377,323,164.76950722664705,1,0.28868391409972394,nv_tile_hexagonal_various.jpg,nv_gravel_grey_leaves.jpg,nv_marble.jpg
dist_58,simulation_1,128,-1,2,2.5165143873142517,4.859962261171226,0,4,-11,1.4544583944904814,fisheyePolynomial,180,42.4199025578243,2.9061911071130613,0,26,7,gaussian_jpeg,-1,44,3,3.055687857165166,1.3630054444478585,5,75,3,3,43,6,1,9,2,6,24,5,5,24,2,2,9,3,1,32,1,2,5,2,1.25,0.14430624064482336,warehouse,warehouse,0,103,5.7471157519584475,0,1,0,1,0,1,0,97.5,1.443395609031531,1,0.5,0.5,0.5,0.28868599039877324,0.28868443537879845,120596,198292,0.4616632927260689,0.18490518164326017,116,259.6848162230877,1,0.28868460907741583,nv_wooden_wall.jpg,,nv_brick_reclaimed.jpg
dist_59,simulation_1,128,-1,2,2.3345954142765395,4.14231067727239,0,7,-7,3.846885797311784,pinhole,180,38.92091059616051,1.7284799675195972,0,34,7,shot,-1,59,2,0.2173222058500861,1.744247817888303,5,72,4,5,86,2,1,6,2,5,77,5,5,116,3,1,15,3,1,37,4,2,11,2,1.25,0.14432246614040659,warehouse,warehouse_with_forklifts,0,38,5.334494201838009,0,1,0,1,0,1,0,97.5,1.4433855331034786,1,0.5,0.5,0.5,0.2886884473237653,0.2886980104107311,99074,224498,0.45812544641241915,0.17436658245024428,112,130.60804083345334,1,0.28867853221416767,nv_marble.jpg,nv_gravel_grey_leaves.jpg,nv_brick_reclaimed.jpg
dist_60,simulation_1,128,-1,2,3.8211153032999454,6.385366092247287,0,4,-14,3.3578419878493073,fisheyePolynomial,180,96.86963399628414,4.7305773106681634,0,22,8,shot_jpeg,-1,20,0,2.7728975590568568,1.3437854871974568,2,14,5,2,79,3,1,1,2,3,131,6,5,51,4,1,5,3,1,4,1,2,2,2,1.25,0.14430689305602729,warehouse,warehouse_multiple_shelves,0,63,4.815964034019047,0,1,0,1,0,1,0,97.5,1.443385088189417,1,0.5,0.5,0.5,0.28868977002670676,0.2886817129073933,150468,260412,0.39321652121411177,0.17100870690940045,147,273.7948915319909,1,0.28869410351697505,nv_concrete_aged_with_lines.jpg,nv_asphalt_yellow_weathered.jpg,nv_tile_hexagonal_green_white.jpg
dist_61,simulation_1,128,-1,2,6.010091347439456,9.041564601501896,0,6,-9,3.990220047277533,fisheyePolynomial,180,54.78319986474695,1.9156926412474873,1,18,4,jpeg,-1,41,1,8.628550862210947,0.59424343124635,4,61,4,5,89,3,1,1,2,3,108,1,3,76,3,2,2,1,3,20,3,2,10,2,1.25,0.14430936165429295,warehouse,warehouse,0,82,5.526817278580188,0,1,0,1,0,1,0,97.5,1.4433781504128946,1,0.5,0.5,0.5,0.2886979468491618,0.28867843123767795,210794,281453,0.2647965297289665,0.193081184904762,437,211.3751218746389,1,0.28869517757901714,nv_plastic_blue.jpg,nv_asphalt_yellow_weathered.jpg,nv_tile_hexagonal_green_white.jpg
dist_62,simulation_1,128,-1,2,2.1907777612759856,2.984844420410592,0,7,-15,4.3486006291725685,fisheyePolynomial,180,66.25167277565703,3.953615824194818,0,29,10,shot_jpeg,-1,90,2,11.268812382154755,1.5975664715473308,5,45,5,3,59,5,1,9,2,6,139,3,3,93,2,1,6,1,1,10,1,2,2,2,1.25,0.14433753031632046,warehouse,warehouse_multiple_shelves,0,109,8.504415100908865,0,1,0,1,0,1,0,97.5,1.4433780981329045,1,0.5,0.5,0.5,0.2886854514560367,0.2886969918090118,209776,293756,0.41469399468830515,0.11485580891577146,496,66.87786091913806,1,0.2886985824095756,nv_marble.jpg,nv_asphalt_yellow_weathered.jpg,nv_asphalt_yellow_weathered.jpg
dist_63,simulation_1,128,-1,2,2.234623135039722,9.154485417614037,0,10,-4,4.857096448349268,pinhole,180,23.263742191583965,2.0422660653534934,0,22,8,shot_jpeg,-1,88,1,5.767038927919776,1.1848155693190352,5,45,4,4,33,6,1,8,2,5,154,6,4,105,4,2,10,3,1,36,4,2,2,2,1.25,0.14433137823215036,warehouse,warehouse_multiple_shelves,0,99,8.824939245704194,0,1,0,1,0,1,0,97.5,1.443388165054586,1,0.5,0.5,0.5,0.2886751698775998,0.28868218734841744,149132,589183,0.42113474308491927,0.13421451360610684,317,155.88035529308624,1,0.28869450957436954,nv_concrete_aged_with_lines.jpg,nv_concrete_aged_with_lines.jpg,nv_gravel_grey_leaves.jpg
dist_64,simulation_1,128,-1,2,5.374996352732101,7.593044892412746,0,4,-16,5.982747000946267,fisheyePolynomial,180,30.54426301320857,3.974047743749647,1,21,3,shot_jpeg,-1,53,3,5.036727803113468,1.277051895328171,3,36,5,3,108,3,1,3,2,2,118,3,5,60,5,1,14,3,3,34,4,2,13,2,1.25,0.14430498591718213,warehouse,full_warehouse,0,74,3.8211573227367612,0,1,0,1,0,1,0,97.5,1.4433789595997364,1,0.5,0.5,0.5,0.28869215218055205,0.2886857696368045,72097,307667,0.2224731315306018,0.2014428874856134,134,230.23548533847224,1,0.28868277054081964,nv_stone_painted_grey.jpg,nv_gravel_grey_leaves.jpg,nv_tile_hexagonal_green_white.jpg
dist_65,simulation_1,128,-1,2,2.2503072154886636,6.713310488030361,0,7,-5,1.2009014654688606,pinhole,180,75.46087370664549,3.5323786324345057,0,34,3,shot,-1,46,3,0.9613781566161017,1.7896333121210553,4,103,3,4,64,5,1,1,2,2,46,1,5,29,5,1,3,3,2,20,3,2,15,2,1.25,0.14430867969379418,warehouse,warehouse,0,89,3.5053888628542307,0,1,0,1,0,1,0,97.5,1.4433766832119757,1,0.5,0.5,0.5,0.28868145334552114,0.2886865776974173,195631,443122,0.45994729204053936,0.16878982488052224,173,107.1096669913206,1,0.28869970554065627,nv_wood_siding_weathered_green.jpg,,nv_tile_square_green.jpg
dist_66,simulation_1,128,-1,2,4.122605045823137,5.130173668546487,0,6,-19,2.3464892199105645,pinhole,180,77.38998313142275,1.6259503211234745,1,20,10,gaussian_jpeg,-1,45,3,5.170650283941671,0.4974285451752598,4,89,2,2,6,5,1,7,2,4,153,5,4,109,2,1,5,1,2,38,1,2,4,2,1.25,0.14431718152049366,warehouse,warehouse,0,49,9.90641086071193,0,1,0,1,0,1,0,97.5,1.4433991854163026,1,0.5,0.5,0.5,0.28867513372433196,0.288698809447526,153237,524053,0.3591589565177741,0.1875920056588976,244,192.50713316209922,1,0.288678502065025,nv_brick_reclaimed.jpg,nv_asphalt_yellow_weathered.jpg,nv_brick_reclaimed.jpg
dist_67,simulation_1,128,-1,2,4.823442000712481,9.995544315912976,0,0,-1,2.441447764337224,pinhole,180,68.86654479373344,3.6922460462566327,1,25,5,gaussian,-1,85,0,6.533869175530194,0.011517320996243141,3,47,3,4,48,4,1,3,2,3,42,1,4,84,4,1,6,3,2,20,1,2,8,2,1.25,0.14431444553774453,warehouse,warehouse_with_forklifts,0,95,8.690900171012654,0,1,0,1,0,1,0,97.5,1.4433932376934764,1,0.5,0.5,0.5,0.2886989022606881,0.28867546609451966,71219,29348,0.42661615872321834,0.2673965337835897,121,267.6118273569799,1,0.2886765171390907,nv_tile_hexagonal_various.jpg,,nv_wooden_wall.jpg
dist_68,simulation_1,128,-1,2,4.702441749157062,9.630665405405132,0,6,-4,5.305238780090447,pinhole,180,73.04319394084422,2.0551423490335234,1,34,5,shot_jpeg,-1,73,0,7.486311896118876,0.9035353574744582,4,22,4,5,27,2,1,1,2,5,110,4,2,50,4,1,15,1,3,17,2,2,15,2,1.25,0.14432631004133636,warehouse,warehouse,0,81,4.919124665918641,0,1,0,1,0,1,0,97.5,1.4433778575316114,1,0.5,0.5,0.5,0.28867715201590693,0.28869736868571766,70495,210938,0.2793297457861442,0.15407885658861722,34,149.83965800650446,1,0.28867670079889457,nv_asphalt_yellow_weathered.jpg,nv_granite_tile.jpg,nv_asphalt_yellow_weathered.jpg
dist_69,simulation_1,128,-1,2,2.7497462193392774,5.43480101743644,0,1,-1,5.562005807545772,fisheyePolynomial,180,64.491007840844,3.1179284400137988,0,31,4,jpeg,-1,39,1,1.0517129611660625,1.8739156460621256,4,39,3,3,73,4,1,10,2,4,179,6,2,117,2,2,6,3,3,33,4,2,7,2,1.25,0.1443030736471978,warehouse,warehouse_multiple_shelves,0,111,7.4868045414173245,0,1,0,1,0,1,0,97.5,1.443395750650627,1,0.5,0.5,0.5,0.28867832387091014,0.28869656414242467,205711,305061,0.412188536613398,0.23959669258723998,87,145.07833267374195,1,0.2886849784338564,nv_wood_siding_weathered_green.jpg,nv_granite_tile.jpg,nv_concrete_aged_with_lines.jpg
dist_70,simulation_1,128,-1,2,2.194786224117717,4.7048911879585855,0,1,-7,0.37375078878037615,fisheyePolynomial,180,92.32717560307178,3.0760971911550543,0,29,7,shot,-1,48,1,9.930454746802491,1.467228761122804,5,3,3,3,4,3,1,8,2,2,97,2,2,31,5,2,15,2,1,22,2,2,18,2,1.25,0.14430372581751644,warehouse,warehouse_with_forklifts,0,73,5.631217996020386,0,1,0,1,0,1,0,97.5,1.443385444189104,1,0.5,0.5,0.5,0.2886864982795326,0.2886946388745391,200036,574318,0.47541619520505,0.14581753596458008,344,126.32514326779288,1,0.2886813780263632,nv_rubber_woven_charcoal.jpg,nv_concrete_aged_with_lines.jpg,nv_tile_square_green.jpg
dist_71,simulation_1,128,-1,2,2.5074583019770444,3.7232310273021128,0,1,-8,4.586235973330416,pinhole,180,22.8063084102606,4.839300174225152,0,31,7,gaussian_jpeg,-1,71,2,0.5034146811796352,1.9369775551887676,5,38,5,4,71,5,1,9,2,5,24,3,5,29,3,1,7,2,3,10,1,2,5,2,1.25,0.14433370021724007,warehouse,warehouse_with_forklifts,0,101,9.432485735476881,0,1,0,1,0,1,0,97.5,1.4433820191247553,1,0.5,0.5,0.5,0.28869388938481266,0.28868652560228747,190770,443882,0.471756616197117,0.21692457755894926,88,157.33572232392092,1,0.28869963103268925,nv_tile_hexagonal_various.jpg,nv_granite_tile.jpg,nv_granite_tile.jpg
dist_72,simulation_1,128,-1,2,2.5997746286588734,6.618645657127781,0,8,-9,1.1281484076924968,fisheyePolynomial,180,67.65151884254158,0.026148067714563683,1,18,8,gaussian,-1,43,3,11.956012051526969,0.7366190610136967,3,91,5,4,48,4,1,7,2,2,112,3,5,13,4,1,10,1,2,23,3,2,13,2,1.25,0.14432570328175914,warehouse,warehouse_multiple_shelves,0,43,3.4098565047078546,0,1,0,1,0,1,0,97.5,1.4433839936423751,1,0.5,0.5,0.5,0.28869463588487493,0.2886927051634862,180894,322430,0.3540696562003397,0.11076965599061218,164,125.29060145825505,1,0.28867722558261455,nv_concrete_aged_with_lines.jpg,,nv_granite_tile.jpg
dist_73,simulation_1,128,-1,2,5.72547448104846,3.814370853251125,0,8,-12,2.8978132325121315,pinhole,180,84.15423416250769,2.482305761776499,0,31,9,shot_jpeg,-1,97,0,0.6846566538150518,0.5643741493864003,3,32,5,2,34,5,1,5,2,5,13,3,2,9,5,1,8,2,2,36,1,2,14,2,1.25,0.14433660590361422,warehouse,full_warehouse,0,57,8.115746754865109,0,1,0,1,0,1,0,97.5,1.4433995749965047,1,0.5,0.5,0.5,0.288681424520087,0.28869136728318445,71648,350065,0.36237637746902956,0.2828332220294514,304,100.89380102616728,1,0.28867786307226184,nv_wood_siding_weathered_green.jpg,nv_granite_tile.jpg,nv_marble.jpg
dist_74,simulation_1,128,-1,2,5.4527631820772875,3.9303648203972905,0,2,-19,1.9812903892289853,pinhole,180,34.463721044317694,4.3891503907602045,1,33,4,gaussian,-1,56,3,6.464421575432571,0.9956250160685804,2,83,5,3,94,6,1,3,2,4,53,5,4,80,5,1,14,2,1,28,4,2,8,2,1.25,0.14433256994344812,warehouse,warehouse_multiple_shelves,0,53,4.289573874666183,0,1,0,1,0,1,0,97.5,1.443397472610643,1,0.5,0.5,0.5,0.288691370232445,0.2886788134423978,116460,378796,0.22921243347274345,0.2641382444716002,402,145.8406362835971,1,0.28869919238180525,nv_brick_red_stacked.jpg,nv_concrete_aged_with_lines.jpg,nv_asphalt_yellow_weathered.jpg
dist_75,simulation_1,128,-1,2,2.451431826064203,7.811306581978417,0,9,-20,1.4392446765356683,fisheyePolynomial,180,57.7833429960142,3.7441316848165322,1,29,5,shot,-1,74,1,8.235926360233169,0.13928229632481148,2,108,2,5,35,5,1,7,2,4,56,2,2,39,4,2,14,3,3,27,2,2,19,2,1.25,0.14432548533969164,warehouse,warehouse,0,102,6.8265375413145195,0,1,0,1,0,1,0,97.5,1.4433851052416435,1,0.5,0.5,0.5,0.2886994342647678,0.2886777786784709,113171,49164,0.4589664518639162,0.2715796337520097,140,247.78190404472844,1,0.2886823168723392,nv_wooden_wall.jpg,,nv_wooden_wall.jpg
dist_76,simulation_1,128,-1,2,2.508117899113943,3.0001657204866428,0,2,-5,0.20802160035889994,fisheyePolynomial,180,96.29112891456624,2.607228445217947,0,32,7,shot,-1,90,2,6.209356221060496,0.8608548206419804,3,55,5,4,108,4,1,7,2,5,107,5,2,65,2,1,8,2,3,25,3,2,11,2,1.25,0.14432409353971495,warehouse,warehouse_with_forklifts,0,41,3.9801686828732237,0,1,0,1,0,1,0,97.5,1.4433826108563153,1,0.5,0.5,0.5,0.28869930255197485,0.28868329525408026,124178,137756,0.4137730333175505,0.1385715715757373,103,149.12167603355252,1,0.2886751478721349,nv_asphalt_yellow_weathered.jpg,nv_granite_tile.jpg,nv_gravel_grey_leaves.jpg
dist_77,simulation_1,128,-1,2,3.1159263339934697,8.660806936886498,0,10,-4,0.009390631148837425,pinhole,180,39.47268593170358,0.29762350173885843,1,30,3,gaussian,-1,80,0,0.9621601689828414,0.7095425836719684,5,84,4,3,72,2,1,7,2,6,111,6,4,16,5,1,9,1,1,17,2,2,11,2,1.25,0.1443219312982436,warehouse,warehouse_multiple_shelves,0,92,7.566041540143578,0,1,0,1,0,1,0,97.5,1.4433963074781089,1,0.5,0.5,0.5,0.28869232539777684,0.2886857602648118,159499,183344,0.30720973029126275,0.24464148592020085,223,230.47255687645372,1,0.2886955741754624,nv_brick_red_stacked.jpg,nv_asphalt_yellow_weathered.jpg,nv_wooden_wall.jpg
dist_78,simulation_1,128,-1,2,3.8246079568785785,7.630884221658287,0,1,-12,0.16522031921679292,fisheyePolynomial,180,51.49963773365102,0.19498006287455794,0,24,4,gaussian_jpeg,-1,27,3,3.767600608528234,1.7768073446173624,4,104,5,3,116,3,1,4,2,3,98,1,4,69,5,2,7,1,1,8,1,2,8,2,1.25,0.14431026774071057,warehouse,warehouse,0,48,6.10830624441542,0,1,0,1,0,1,0,97.5,1.4433910249868545,1,0.5,0.5,0.5,0.2886872346782945,0.2886850563411042,218862,531181,0.4181920939097199,0.19881482588480565,310,58.11380098600762,1,0.28868489028711913,nv_wooden_wall.jpg,nv_tile_square_green.jpg,nv_tile_hexagonal_green_white.jpg
dist_79,simulation_1,128,-1,2,4.012394864109695,6.787320662485611,0,9,-1,2.445505251442902,pinhole,180,69.48525038827947,4.780235718059665,0,19,9,shot,-1,55,2,7.519110133118523,1.8527652134601735,2,61,4,4,84,2,1,3,2,3,145,2,2,120,2,2,11,3,1,1,3,2,17,2,1.25,0.1443281354626489,warehouse,warehouse_multiple_shelves,0,95,8.921450077744126,0,1,0,1,0,1,0,97.5,1.4433907208479733,1,0.5,0.5,0.5,0.2886772256897396,0.2886872029224727,49365,259337,0.34248727781401755,0.09377460322944563,174,32.04239175059131,1,0.2886952194375157,nv_rubber_woven_charcoal.jpg,nv_granite_tile.jpg,nv_wooden_wall.jpg
dist_80,simulation_1,128,-1,2,5.9544294959550275,6.223438073316364,0,4,-10,3.7487031767364147,fisheyePolynomial,180,37.98350962997531,3.569763162532949,1,32,7,shot,-1,41,0,7.554692362700839,0.10866406964580766,4,41,2,4,7,3,1,8,2,2,152,1,2,93,3,1,6,1,3,13,4,2,18,2,1.25,0.14431648305684208,warehouse,warehouse_multiple_shelves,0,89,6.4566982831985005,0,1,0,1,0,1,0,97.5,1.4433852797816638,1,0.5,0.5,0.5,0.28869083062607853,0.2886926095515454,35807,120998,0.44956612707737226,0.21905798238188967,483,219.6926909357838,1,0.28869878346627315,nv_wood_siding_weathered_green.jpg,nv_tile_square_green.jpg,nv_concrete_aged_with_lines.jpg
dist_81,simulation_1,128,-1,2,4.79303483464421,8.013340706735002,0,3,-8,2.3707854456690196,pinhole,180,99.57042525043657,1.4370479823278988,0,19,3,shot,-1,45,0,1.4924207880061227,0.8272853498372705,3,52,4,4,3,4,1,10,2,4,123,2,5,97,4,2,2,1,3,33,1,2,7,2,1.25,0.1443006658334521,warehouse,full_warehouse,0,65,3.009475380008277,0,1,0,1,0,1,0,97.5,1.443383164370843,1,0.5,0.5,0.5,0.2886911743546794,0.28869936910683996,191707,38567,0.5144962226501839,0.24343393649942277,390,132.21199002419422,1,0.28868496198775734,nv_stone_painted_grey.jpg,,nv_wooden_wall.jpg
dist_82,simulation_1,128,-1,2,3.2914418372334655,9.37289241567229,0,3,-12,5.340846824376088,pinhole,180,28.993789206502182,0.03920795385958409,1,26,4,jpeg,-1,24,1,9.683585890607922,0.9193297408053225,4,55,2,2,55,3,1,1,2,6,177,5,5,32,5,1,15,3,3,40,3,2,6,2,1.25,0.14431660383207273,warehouse,warehouse_with_forklifts,0,52,8.548165814018683,0,1,0,1,0,1,0,97.5,1.443397807545226,1,0.5,0.5,0.5,0.288698606659066,0.2886990175775318,131470,586953,0.4650585822481667,0.11373678710744603,238,207.36435289046096,1,0.28868119473829784,nv_asphalt_yellow_weathered.jpg,nv_gravel_grey_leaves.jpg,nv_stone_painted_grey.jpg
dist_83,simulation_1,128,-1,2,3.421447940350747,5.38268227328375,0,8,-2,5.705571567015291,pinhole,180,89.81716315658403,1.2550069163115012,1,24,8,shot,-1,36,0,0.4322258194971167,0.3504435442116547,5,37,5,4,53,4,1,6,2,5,52,3,5,119,5,1,12,2,2,9,3,2,5,2,1.25,0.1443125976619515,warehouse,warehouse,0,108,6.548443065732842,0,1,0,1,0,1,0,97.5,1.443385803847135,1,0.5,0.5,0.5,0.28869528553275664,0.28869590931992284,96455,423831,0.46989299542276775,0.2166092381444823,75,252.8456720915064,1,0.2886884898045583,nv_asphalt_yellow_weathered.jpg,nv_granite_tile.jpg,nv_brick_reclaimed.jpg
dist_84,simulation_1,128,-1,2,6.0195069664087635,8.530870768115161,0,10,-6,2.3591712061675336,fisheyePolynomial,180,22.453302550126775,2.7224847955193257,1,21,9,gaussian,-1,42,2,9.108063390263172,0.2050319281329489,4,65,3,5,100,5,1,8,2,4,166,5,4,108,3,2,3,2,2,40,4,2,15,2,1.25,0.14432762555393755,warehouse,full_warehouse,0,50,8.503439565827406,0,1,0,1,0,1,0,97.5,1.443393630704198,1,0.5,0.5,0.5,0.28868462067476874,0.2886756401441786,190215,31565,0.44629493214196636,0.28246841221970986,219,67.83098067297519,1,0.2886926349037119,nv_rubber_woven_charcoal.jpg,nv_granite_tile.jpg,nv_wooden_wall.jpg
dist_85,simulation_1,128,-1,2,3.0094003892981824,4.731502222479208,0,3,-9,2.0042997940126153,pinhole,180,21.493554029446067,3.918799212420536,0,25,8,shot_jpeg,-1,73,2,2.3879056675132415,0.8366677282045603,5,14,3,3,53,6,1,1,2,4,34,6,2,52,4,2,7,2,2,11,1,2,11,2,1.25,0.1443102026146348,warehouse,warehouse_multiple_shelves,0,43,3.5290852969784687,0,1,0,1,0,1,0,97.5,1.4433988556254638,1,0.5,0.5,0.5,0.2886824437073787,0.2886773122609056,145823,383598,0.426976695819858,0.13580011958183974,7,278.57594724695656,1,0.2886812835712831,nv_wood_siding_weathered_green.jpg,nv_concrete_aged_with_lines.jpg,nv_concrete_aged_with_lines.jpg
dist_86,simulation_1,128,-1,2,2.0992762156899274,2.4632316555006395,0,4,-20,4.490306098057388,pinhole,180,39.57760600476689,2.172016595033049,1,18,7,shot_jpeg,-1,34,3,8.864677808718795,0.027491108022690502,2,28,3,2,9,4,1,8,2,5,122,1,5,105,5,2,14,2,1,25,3,2,16,2,1.25,0.14431981287913956,warehouse,warehouse_multiple_shelves,0,78,4.881974600675354,0,1,0,1,0,1,0,97.5,1.4433848174431114,1,0.5,0.5,0.5,0.2886973975708723,0.28869167454531414,180667,286249,0.4205865354247368,0.13183145074507863,353,123.43787503385359,1,0.28868607567807825,nv_brick_red_stacked.jpg,,nv_concrete_aged_with_lines.jpg
dist_87,simulation_1,128,-1,2,2.824789055230764,6.3140430600465605,0,5,-15,2.1227349524186163,pinhole,180,44.24060400967083,4.5689422193662965,1,23,5,gaussian,-1,63,2,2.326356815242712,1.7176335423363094,4,105,5,4,54,5,1,2,2,5,34,5,2,16,2,1,11,3,2,7,1,2,2,2,1.25,0.14430629697220418,warehouse,warehouse,0,54,6.634571995461435,0,1,0,1,0,1,0,97.5,1.4433905799438935,1,0.5,0.5,0.5,0.2886811450300093,0.2886764537477967,107341,159667,0.276843878073628,0.28029938007920197,308,160.7569627577792,1,0.28868540630673933,nv_wood_siding_weathered_green.jpg,nv_tile_square_green.jpg,nv_tile_hexagonal_green_white.jpg
dist_88,simulation_1,128,-1,2,4.974294991032191,4.324870185986129,0,0,-7,3.2139395960854715,pinhole,180,95.1159859398489,2.4254732998977007,0,32,6,shot,-1,50,3,10.821288342554745,0.4069454849951917,2,110,3,4,117,2,1,7,2,2,69,5,3,125,4,1,4,2,2,3,2,2,10,2,1.25,0.1443274614403875,warehouse,full_warehouse,0,87,6.38792557725823,0,1,0,1,0,1,0,97.5,1.4433760730412108,1,0.5,0.5,0.5,0.28869512590780855,0.28869433364963504,136458,63216,0.46828027716981546,0.2018064381318617,391,217.01066856075806,1,0.2886950885873548,nv_asphalt_yellow_weathered.jpg,nv_asphalt_yellow_weathered.jpg,nv_stone_painted_grey.jpg
