distribution_id,simulation_type,n_samples,metadata.synth_metadata_mean_std_synth_dataset_noise_enabled,metadata.synth_metadata_mean_std_synth_dataset_noise_jpeg_quality_mean,metadata.synth_metadata_mean_std_synth_dataset_noise_jpeg_quality_std,metadata.synth_metadata_mean_std_synth_dataset_noise_sigma_mean,metadata.synth_metadata_mean_std_synth_dataset_noise_sigma_std,metadata.synth_metadata_mean_std_synth_camera_height_mean,metadata.synth_metadata_mean_std_synth_camera_height_std,metadata.synth_metadata_mean_std_synth_camera_color_std_g,metadata.synth_metadata_mean_std_synth_camera_color_std_r,metadata.synth_metadata_mean_std_synth_camera_color_std_b,metadata.synth_metadata_mean_std_synth_camera_position_mean_x,metadata.synth_metadata_mean_std_synth_camera_position_mean_y,metadata.synth_metadata_mean_std_synth_camera_position_std_x,metadata.synth_metadata_mean_std_synth_camera_position_std_y,metadata.synth_metadata_mean_std_synth_camera_roll_mean,metadata.synth_metadata_mean_std_synth_camera_roll_std,metadata.synth_metadata_mean_std_synth_camera_tilt_mean,metadata.synth_metadata_mean_std_synth_camera_tilt_std,metadata.synth_metadata_mean_std_synth_camera_type,metadata.synth_metadata_mean_std_synth_camera_yaw_mean,metadata.synth_metadata_mean_std_synth_camera_yaw_std,metadata.synth_metadata_mean_std_synth_clutter_level,metadata.synth_metadata_mean_std_synth_dataset_noise_mode,metadata.synth_metadata_mean_std_synth_dataset_noise_seed,metadata.synth_metadata_mean_std_synth_dataset_noise_shot_scale_mean,metadata.synth_metadata_mean_std_synth_dataset_noise_shot_scale_std,metadata.synth_metadata_mean_std_synth_dist_BarelPlastic_diversity,metadata.synth_metadata_mean_std_synth_env_name,metadata.synth_metadata_mean_std_synth_image_augmentation_enabled,metadata.synth_metadata_mean_std_synth_fov_mean,metadata.synth_metadata_mean_std_synth_fov_std,metadata.synth_metadata_mean_std_synth_noise_std_mean,metadata.synth_metadata_mean_std_synth_noise_std_std,metadata.synth_metadata_mean_std_synth_texture_1,metadata.synth_metadata_mean_std_synth_texture_2,metadata.synth_metadata_mean_std_synth_texture_3,metadata.image_min,metadata.synth_metadata_mean_std_synth_texture_4,metadata.synth_metadata_mean_std_synth_image_contrast_gain_mean,metadata.synth_metadata_mean_std_synth_image_contrast_gain_std,metadata.synth_metadata_mean_std_synth_image_gamma_mean,metadata.synth_metadata_mean_std_synth_image_gamma_std,metadata.synth_metadata_mean_std_synth_lighting_intensity_mean,metadata.synth_metadata_mean_std_synth_lighting_intensity_std,metadata.synth_metadata_mean_std_synth_materials_emissive_intensity_mean,metadata.synth_metadata_mean_std_synth_materials_emissive_intensity_std,metadata.synth_metadata_mean_std_synth_materials_roughness_std,metadata.synth_metadata_mean_std_synth_materials_roughness_mean,metadata.synth_metadata_mean_std_synth_motion_blur_mean,metadata.synth_metadata_mean_std_synth_motion_blur_std,metadata.synth_metadata_mean_std_synth_image_brightness_gain_mean,metadata.synth_metadata_mean_std_synth_image_brightness_gain_std,metadata.synth_metadata_mean_std_synth_dist_BottlePlastic_diversity,metadata.synth_metadata_mean_std_synth_dist_Bucket_diversity,metadata.synth_metadata_mean_std_synth_dist_CardBox_diversity,metadata.synth_metadata_mean_std_synth_dist_CratePlastic_diversity,metadata.synth_metadata_mean_std_synth_dist_PushCart_diversity,metadata.synth_metadata_mean_std_synth_dist_RackPile_diversity,metadata.synth_metadata_mean_std_synth_dist_TrafficSigns_diversity,metadata.synth_metadata_mean_std_synth_dist_BarelPlastic_occurrence,metadata.synth_metadata_mean_std_synth_dist_BottlePlastic_occurrence,metadata.synth_metadata_mean_std_synth_dist_Bucket_occurrence,metadata.synth_metadata_mean_std_synth_dist_CardBox_occurrence,metadata.synth_metadata_mean_std_synth_dist_CratePlastic_occurrence,metadata.synth_metadata_mean_std_synth_dist_PushCart_occurrence,metadata.synth_metadata_mean_std_synth_dist_RackPile_occurrence,metadata.synth_metadata_mean_std_synth_dist_TrafficSigns_occurrence
dist_459,simulation_1,128,1,28,8,3.6717602082305874,1.29070267442467,3.109336623962739,0.3850256272344318,0,0,0,-1,2,3.4592798923949992,6.533707594468441,0,1,-6,3.8454071742324065,pinhole,180,100.60535590481908,3.9429551951297954,gaussian,-1,66,0,2,full_warehouse,0,92,9.394499753054287,6,2.3094002464498082,nv_tile_hexagonal_various.jpg,nv_gravel_grey_leaves.jpg,nv_concrete_aged_with_lines.jpg,0.028822775547846482,,1.0697003331848467,0.008022779935744373,0.9994905723164837,0.007476102695667556,50558,404127,138,29.870070481474936,0.2688611399554573,0.3594764130270109,1.241887833264001,0.20447075026723238,0.9627642350227201,0.00509418966022048,2,1,3,4,1,3,2,5,4,2,3,3,1,2,2
dist_460,simulation_1,128,0,35,10,2.7553399644797536,0.14228139242980745,1.921124517913244,0.1654884833400258,0,0,0,-1,2,5.390116866112177,5.815809694693141,0,3,-18,3.2660697398375214,pinhole,180,89.10370039356286,0.5290989487546656,gaussian,-1,89,1,3,full_warehouse,1,107,5.645852238915013,6,2.309400906708093,nv_brick_red_stacked.jpg,nv_wooden_wall.jpg,,0.03907393579705381,,0.9706819315357843,0.004233949750356357,1.0219007688561543,0.0009473377759082275,147714,217936,487,237.2921131400796,0.27683746065278825,0.5189274849122718,1.9871996155862939,0.5645188535631613,0.9520441450837863,0.008001921594269282,2,1,3,2,1,1,2,2,2,2,3,2,1,1,2
dist_461,simulation_1,128,0,25,10,4.086054513690219,0.23069740647347742,1.296852897767853,0.7367459535746922,0,0,0,-1,2,4.112757386678899,8.513890883643754,0,3,-16,0.12541094692206034,pinhole,180,104.79383709417527,4.217668692868991,jpeg,-1,78,0,2,warehouse,0,83,7.926712271201536,6,2.3094003159147554,nv_tile_hexagonal_various.jpg,nv_gravel_grey_leaves.jpg,nv_granite_tile.jpg,0.021869996507256174,,0.9491129909251753,0.0024535080755298156,0.9876581048107663,0.016281652985236525,42803,521904,265,81.39419096282126,0.2482518337180675,0.3673471741205033,1.4834319522016697,0.6874971896751486,1.0617788086413633,0.003466591267761639,2,1,2,2,2,3,2,2,2,2,3,3,1,1,2
dist_462,simulation_1,128,1,32,6,5.213939156982812,0.8680652298402889,2.8911985335220125,0.20848788040826025,0,0,0,-1,2,1.9163950225651478,9.054424388703184,0,2,-5,3.528028995993611,pinhole,180,108.83156633593386,3.4989218530452666,gaussian,-1,82,0,2,full_warehouse,0,91,8.620777913771247,6,2.3094001955059458,nv_tile_hexagonal_various.jpg,nv_tile_square_green.jpg,,0.04068208364782308,,1.0312529870987748,0.001978399235392606,0.9564556401653815,0.008739266090590538,115017,394589,278,93.10284693746989,0.26651146172706236,0.4079903350335277,1.8937903546247534,0.4760792392617966,1.0411790847713436,0.00354543744244255,3,1,2,3,1,3,2,5,2,2,3,2,1,2,2
dist_463,simulation_1,128,0,25,9,3.2410080455037313,0.4577749575184255,1.5412050351130404,0.27967747488496575,0,0,0,-1,2,2.6333695841458136,8.266719185180019,0,3,-6,2.4880375040279192,pinhole,180,98.54780760418801,3.01353100367638,shot_jpeg,-1,96,0,2,full_warehouse,0,98,9.325526389941132,6,2.309400153267082,nv_tile_hexagonal_various.jpg,nv_tile_square_green.jpg,nv_granite_tile.jpg,0.00991411579961138,,1.0017048097285584,0.0008685672619513307,1.0429153103631141,0.011617196654878766,114569,170050,22,101.4394134700459,0.2763455064712394,0.4509572054713479,1.6844310158074283,0.5060758599904052,1.0081168722859237,0.0009898755906626727,2,1,2,2,2,2,2,4,4,2,1,3,1,1,2
dist_464,simulation_1,128,1,27,9,3.867769546622963,1.1614025836785018,2.3248695773177306,0.42199788627693213,0,0,0,-1,2,2.700214512951428,9.415506980555284,0,0,-5,2.948941675283679,pinhole,180,64.24603444740619,3.970018758189544,shot_jpeg,-1,98,0,3,full_warehouse,0,100,9.233619715038943,6,2.3094003615933745,nv_tile_hexagonal_various.jpg,nv_tile_square_green.jpg,nv_granite_tile.jpg,0.135773601301439,,1.060715462378162,0.005163152161643177,1.0061263269823468,0.007021661222982648,48651,411263,201,78.83140179065913,0.24292773801359993,0.3703925243560839,1.8440776024863095,0.5267111037593032,1.0030599685727095,0.003900326189084255,3,1,2,4,1,3,2,5,2,2,4,2,1,1,2
dist_465,simulation_1,128,1,24,8,5.724783945903444,1.6129280795934529,2.4350572394920857,0.17785792807009015,0,0,0,-1,2,1.8310527995592873,7.781452395100307,0,1,-8,3.7177286533876632,pinhole,180,103.65086496516405,3.921913953782115,gaussian,-1,72,0,3,full_warehouse,0,104,9.259121352254581,6,2.309400142734898,nv_tile_hexagonal_various.jpg,nv_tile_square_green.jpg,nv_granite_tile.jpg,0.12297055330223625,,0.9985970158525415,0.004927857178752635,1.0541819939903496,0.007902172684980238,133755,575353,362,137.01197453305903,0.2568353198893889,0.2719123680901253,2.0092878688265228,0.5679155957642227,0.9913021031423279,0.0012847454411536437,2,1,3,4,1,3,2,4,2,2,4,2,1,1,2
dist_466,simulation_1,128,1,31,8,3.4239400743448734,1.6090251882765205,2.5768611992203194,0.3370448219203903,0,0,0,-1,2,2.1779853631178323,8.739989002896566,0,2,-5,3.0533738263762924,pinhole,180,88.12944097919782,3.187568053113158,shot,-1,71,0,3,full_warehouse,0,97,9.686897517646594,6,2.3094005652697613,nv_tile_hexagonal_various.jpg,,nv_granite_tile.jpg,0.19377372008623406,,1.0600271056260326,0.015281760466954166,1.012608470989443,0.01043965630197971,62898,360111,341,133.49574739596073,0.2871767940590392,0.4141597835462311,1.4158616616773378,0.7869564057119772,1.0954424466853916,0.0030179182490263413,2,1,4,4,1,3,2,5,2,2,4,3,1,1,2
dist_467,simulation_1,128,0,25,7,0.6327330335671442,0.952559972355665,1.3019617549510196,0.5734212068719841,0,0,0,-1,2,3.88142090336966,9.054437659534317,0,2,-1,4.407834334007212,pinhole,180,67.9020087001387,4.437241380745305,jpeg,-1,89,1,3,full_warehouse,0,93,6.736334196550793,6,2.309400082482257,nv_stone_painted_grey.jpg,nv_tile_square_green.jpg,nv_granite_tile.jpg,0.013713124516506874,,1.0743871565521483,0.009721239848775601,0.9929666598379147,0.010273000008861055,70079,294886,325,5.175082744773363,0.17560248487767818,0.35279946656967787,1.4101152847388687,0.8322462659764933,0.9320048717770952,0.00025119492557369385,2,1,4,2,1,2,2,4,3,2,3,2,1,2,2
dist_468,simulation_1,128,0,21,9,6.25635200204555,0.682839751599305,2.1037517259234133,0.41640375828352666,0,0,0,-1,2,2.5448082055496077,6.765808373965467,0,0,-10,4.629738129777856,pinhole,180,78.97707940343712,4.669677266375352,gaussian_jpeg,-1,100,0,3,full_warehouse,0,100,9.371735392092381,6,2.309400150250351,nv_tile_hexagonal_various.jpg,nv_tile_square_green.jpg,,0.08073293449073145,,1.0483712910315144,0.02107097595918753,1.0823387808114588,0.008128852992358201,185898,408856,77,127.83640701620847,0.21580181566480938,0.3471953963508344,2.3989816164932263,0.8246529017715124,1.0037566264988005,0.008644907450325303,2,1,4,2,1,3,2,3,2,2,3,3,2,2,2
dist_469,simulation_1,128,1,29,7,3.4068005170898146,0.2792722427990286,0.9479864739946408,0.43415912109366933,0,0,0,-1,2,4.44983639807029,9.27642803771247,0,1,-1,3.407188932831703,pinhole,180,103.99780103469784,3.579276092031097,gaussian_jpeg,-1,82,1,4,full_warehouse,0,101,7.008382450978779,6,2.3094002944211347,nv_wooden_wall.jpg,nv_concrete_aged_with_lines.jpg,,0.23728790711495049,,0.9209007982279273,0.0011834526306085083,0.9996185346231486,0.030843506711321713,54898,382452,199,149.41060661753022,0.2807373127533599,0.5464369318820266,1.9947544893815043,0.6492042341516232,0.9950926601666022,0.012844130232179918,2,1,3,2,1,2,2,5,2,2,2,2,1,2,2
dist_470,simulation_1,128,1,24,8,5.691959910922264,1.6158793431070748,3.0269390590435803,0.09615544915127411,0,0,0,-1,2,3.589618064925184,6.714934599674287,0,8,-5,2.1230898244117684,pinhole,180,62.01823069428334,3.0964454141151365,gaussian,-1,97,0,2,full_warehouse,0,112,9.81872914856474,6,2.3094002698708094,nv_tile_hexagonal_various.jpg,nv_tile_square_green.jpg,nv_granite_tile.jpg,0.17139132676963148,,0.9796517863107004,0.007181347059404005,0.9697162077129868,0.0016213005887755684,110537,220618,218,147.6576474812658,0.22464161325030008,0.2864184306688826,1.3883303233622608,0.5115830802041347,0.9504080296684024,3.6758007254387898e-06,2,1,4,4,1,3,2,4,3,2,3,3,1,2,2
dist_471,simulation_1,128,0,26,4,1.7154349240253612,0.40511959314261475,0.9134396137253661,0.24725280743160788,0,0,0,-1,2,3.3999923568959916,9.517522909665649,0,3,-1,3.5430971103795144,pinhole,180,91.53921565036853,4.465264839441933,gaussian_jpeg,-1,91,2,3,full_warehouse,0,109,7.47783388400643,6,2.3094001434857008,nv_brick_reclaimed.jpg,nv_brick_reclaimed.jpg,nv_granite_tile.jpg,0.09599518588644007,nv_granite_tile.jpg,1.0063573988850438,0.0010660019199225093,1.0174787132895053,0.014608504381449613,66532,375816,316,123.76703676842561,0.2466208689472854,0.48561163845588345,1.4224913326021817,0.7239914771914863,1.0317860987110954,0.0025865512456767887,2,1,3,2,1,1,2,4,4,2,3,3,2,2,2
dist_472,simulation_1,128,1,23,9,3.337461976058662,0.4754765536954253,2.664348464389124,0.4860851119807429,0,0,0,-1,2,1.6853962890626843,8.630503131555626,0,0,-5,3.8082158690289156,pinhole,180,73.98822961220725,3.43240963865923,gaussian,-1,85,0,3,warehouse_multiple_shelves,0,95,9.607887518971669,6,2.309400099199963,nv_brick_red_stacked.jpg,nv_tile_square_green.jpg,nv_granite_tile.jpg,0.2399280076027018,,1.0131266835564616,0.001877386390417646,1.0587680510544053,0.0018589759870793194,79666,420228,166,102.23757790204607,0.2562672849114858,0.38120485199573373,1.9242417465980504,0.5431571515324536,1.0246356883739691,0.023291912016062587,2,1,5,3,1,2,2,4,2,2,2,4,1,2,2
dist_473,simulation_1,128,1,23,8,7.517772990251989,1.8251441085464513,2.5312968112724463,0.2842919209390111,0,0,0,-1,2,2.2690844890013926,7.364122406406089,0,2,-2,3.05353587623215,pinhole,180,95.79560604812214,4.749489833593305,gaussian,-1,95,0,3,full_warehouse,0,96,6.806387823473216,6,2.309400287483965,nv_tile_hexagonal_various.jpg,nv_tile_square_green.jpg,nv_asphalt_yellow_weathered.jpg,0.055968929139881586,,1.0285321787726036,0.014055678526943097,1.0687425325975983,0.002259710685165525,100159,304079,369,174.82641080784185,0.2621200535253257,0.4430821877966579,1.6232233038381645,0.7172980981225447,0.939013581818039,0.01980802482574943,3,1,4,5,1,3,2,5,2,2,4,3,1,2,2
dist_474,simulation_1,128,0,21,9,5.607520816069604,0.10060162231036301,0.686919859076675,0.3409701525915568,0,0,0,-1,2,2.071938789522584,7.395572999755683,0,2,-10,3.5559354771764546,pinhole,180,55.485716584393096,4.8069128505967775,gaussian_jpeg,-1,72,0,2,full_warehouse,0,93,7.0783948751588035,6,2.309400082623857,nv_tile_hexagonal_various.jpg,nv_tile_square_green.jpg,nv_granite_tile.jpg,0.007320224301464152,,1.018360758335922,0.012066976829817434,1.0338259682297943,0.009057116426465513,68941,575239,118,105.08115471202446,0.26054024661579195,0.3260079832051606,2.1685265713244855,0.6697062326430056,0.9582823576741,0.0002317904826538021,3,1,4,2,1,2,2,5,2,2,3,3,2,1,2
dist_475,simulation_1,128,0,33,10,1.37413575941351,0.363649664501259,1.3716544701079803,0.28611911877348306,0,0,0,-1,2,5.586459361655358,8.716343355215276,0,2,-7,3.8955006402176466,pinhole,180,60.29943441055739,1.7877089406415356,gaussian,-1,95,1,2,full_warehouse,0,86,3.7105912953474043,6,2.3094009750700186,nv_plastic_blue.jpg,nv_tile_hexagonal_green_white.jpg,,0.17833980834973048,,0.953757655222541,0.007347531280163001,0.9914116920174534,0.0032283243012063536,106863,47983,436,252.2323754925251,0.275658941428563,0.4538768890797633,2.145891935684415,0.665737862332813,1.1122749129940324,0.008739956059587085,2,1,3,2,1,1,2,2,3,2,3,2,1,2,2
dist_476,simulation_1,128,0,31,7,1.5841564142476394,0.4158757770871302,0.758300914781556,0.4677521725516073,0,0,0,-1,2,3.171828368458857,9.979594478802333,0,1,-10,5.533191318510665,pinhole,180,104.9642661398239,4.419055871077479,jpeg,-1,73,1,2,full_warehouse,0,102,6.822200393074675,6,2.30940012739342,nv_tile_hexagonal_various.jpg,nv_tile_square_green.jpg,nv_granite_tile.jpg,0.12376790716051495,,0.9749130530267341,0.011476313387826013,1.010555510826679,0.012392942814542876,65829,372138,265,207.9532458892803,0.23423686376214892,0.3660909772085789,2.4953241155174752,0.46645404885551767,0.9214086818686583,0.005743703674204086,2,1,4,2,1,1,2,5,4,2,3,2,1,2,2
dist_477,simulation_1,128,0,23,8,10.835039010705271,0.265482918902703,1.789072087501365,0.35912605940992376,0,0,0,-1,2,2.660984723685494,8.896308015693814,0,0,-13,2.5422784658736615,pinhole,180,80.38295821697177,2.886236902055812,gaussian_jpeg,-1,86,0,3,full_warehouse,0,110,9.887915588431339,6,2.3094004136860526,nv_plastic_blue.jpg,nv_tile_square_green.jpg,nv_granite_tile.jpg,0.057452279778261575,,0.9959924536139377,0.005158555317011855,0.987000593130815,0.011180700143142569,60524,538719,163,109.59288228592828,0.2533645389455053,0.25941324743998007,2.361790264752904,0.7415074966324964,1.018249749289589,0.004257126491194662,2,1,3,2,1,2,2,5,3,2,3,2,3,1,2
dist_478,simulation_1,128,0,19,10,4.69697641653471,0.39031324148178526,0.8684593447673642,0.5060781872861996,0,0,0,-1,2,4.27107501658035,9.546261374000062,0,2,-2,5.15457911246623,pinhole,180,100.6686174098752,4.234520780134337,shot,-1,68,2,3,full_warehouse,0,89,8.55536740121945,6,2.309400276349927,nv_tile_hexagonal_various.jpg,nv_tile_square_green.jpg,nv_granite_tile.jpg,0.21619061420408556,,1.0569666214855686,0.016115837813376256,1.0606013084292083,0.014026897556061475,95297,249136,219,98.24652192276615,0.2629495106435655,0.5449784094968023,1.9668235529748366,0.7354034500191926,1.0209570976656739,0.014387928823470727,3,1,6,2,1,1,2,4,2,2,3,3,1,1,2
dist_479,simulation_1,128,0,31,7,4.661519934462884,0.880876606498741,1.393405001685088,0.4187215680507373,0,0,0,-1,2,3.5971402404155675,9.370900395353962,0,4,-3,5.0607675884751,pinhole,180,104.1812454811536,3.9574007068491994,gaussian_jpeg,-1,98,2,3,full_warehouse,0,109,9.500586357028853,6,2.309400233501881,nv_wooden_wall.jpg,,nv_granite_tile.jpg,0.006941324321811251,,0.9062111308955891,0.0019790914437220236,0.9728368561287507,0.008629399685532023,62300,421232,284,65.20828376056288,0.23338711856169375,0.4076597450469035,1.1824992769471558,0.46923252386622527,1.0399459351287204,0.014054065920824638,3,1,5,2,1,1,2,5,2,2,1,2,1,1,2
dist_480,simulation_1,128,0,35,8,6.131401000120873,0.21547077077238505,1.7234416305057922,0.37144357184202637,0,0,0,-1,2,5.017186547909208,6.736248040109767,0,3,-8,1.3794927908108554,fisheyePolynomial,180,78.13208660085188,0.949810113751755,gaussian,-1,73,0,2,full_warehouse,0,55,5.242992944096448,6,2.3094008623810804,nv_brick_red_stacked.jpg,,,0.051279910618524216,,0.9296321384050671,0.012145864131954903,0.9827878995064521,0.010233974912816942,116584,31507,471,202.8532917302797,0.278969466856493,0.5128505728329197,2.3891581204465737,0.7394260371183424,0.9275194433095324,0.006797837270481591,3,1,3,2,1,2,2,2,3,2,4,3,1,1,2
dist_481,simulation_1,128,1,27,10,8.061700588745051,1.4348448035804309,2.569335686079491,0.3067554832184854,0,0,0,-1,2,3.2433926557751898,7.619260168474812,0,3,-5,3.8718007199150892,pinhole,180,98.60575732365736,4.941534913014317,gaussian,-1,70,1,3,full_warehouse,0,97,9.353738386805043,6,2.3094002743027886,nv_tile_hexagonal_various.jpg,nv_tile_square_green.jpg,nv_granite_tile.jpg,0.09848503913660807,,0.96034198669257,0.0023931049574855592,0.9907937184554438,0.02053831753631067,76879,305017,243,110.06566279801979,0.19034639404652665,0.5226685943795228,1.7668339020909016,0.34924616963894645,1.0353080845737024,0.0001962578217870428,3,1,2,4,1,3,2,5,3,2,5,2,1,1,2
dist_482,simulation_1,128,0,22,8,5.744720707255988,0.8876671766998852,1.712397366658191,0.1578925980596651,0,0,0,-1,2,3.0054088456486303,8.517279891845659,0,4,-8,2.4784753125630816,pinhole,180,97.9342435876141,4.3649970227934745,gaussian_jpeg,-1,89,1,4,full_warehouse,1,96,8.865819936959028,6,2.309400131376082,nv_concrete_aged_with_lines.jpg,nv_tile_square_green.jpg,nv_granite_tile.jpg,0.07351559016093487,,1.003949636671802,0.01529870895780807,0.99058257384853,0.0031047576701192514,60676,465474,375,137.49566148277395,0.24727847143955123,0.45558806497870274,1.9288672907241977,0.6242690426027184,0.9325601766800603,0.006121889223296584,3,1,3,3,1,1,2,5,2,2,3,2,1,1,2
dist_483,simulation_1,128,0,23,10,6.375065945347794,0.31322445351361483,2.8696106719022065,0.5315915608395547,0,0,0,-1,2,2.4926887316972155,8.957696743491184,0,2,-22,2.566900025363754,pinhole,180,84.23837449673034,4.258332349993092,gaussian_jpeg,-1,87,0,3,full_warehouse,0,104,9.920471760590367,6,2.3094001548531713,nv_concrete_aged_with_lines.jpg,nv_tile_square_green.jpg,nv_granite_tile.jpg,0.17935838209533578,,1.0850124544288389,0.00011943245059756679,1.0177341572788914,0.0007922410718149136,94203,598731,135,106.55870702540403,0.22201491374797727,0.3958328205646424,2.079293485162125,0.7135078905127591,0.9419453946218576,0.002375249182128117,2,1,2,3,1,2,2,3,3,2,1,4,2,2,2
dist_484,simulation_1,128,1,28,6,4.669445116034179,1.0606985613081639,2.2873272363589856,0.2251884971614472,0,0,0,-1,2,3.0791597575935303,8.330363777426179,0,0,-13,3.030611381521626,pinhole,180,98.71220173573211,4.260332987829939,gaussian_jpeg,-1,89,0,2,full_warehouse,0,110,9.427884841523595,6,2.309400292762749,nv_tile_hexagonal_various.jpg,nv_tile_hexagonal_green_white.jpg,nv_granite_tile.jpg,0.07147560584390397,nv_granite_tile.jpg,1.1030567346872775,0.007800033542192964,1.0322043572887574,0.0075518755961562715,107510,397297,44,75.9362559719659,0.22657599994775707,0.40786218764229837,2.07906450117984,0.690133969480949,1.08143690135762,0.0022074245459831558,3,1,2,2,1,1,2,4,2,2,1,3,1,1,2
dist_485,simulation_1,128,1,29,6,4.479623405042155,1.813468592404175,2.5676524754969345,0.5532965049853735,0,0,0,-1,2,2.747031673368982,7.195332149677045,0,3,-7,2.226424580250454,pinhole,180,101.18004305776064,2.883779285957047,gaussian,-1,81,1,2,full_warehouse,0,96,7.507099826783367,6,2.3094003385381097,nv_tile_hexagonal_various.jpg,nv_tile_hexagonal_green_white.jpg,nv_granite_tile.jpg,0.07057658557213031,,0.9614158287957352,0.01707645506219684,0.9595517714011547,0.017172367217042468,102280,381612,269,36.31144246356452,0.2663400013898141,0.30650766718730876,1.8191255158356772,0.5502978665112273,1.1104181142511027,0.02643849203179054,3,1,4,3,1,3,2,5,2,2,3,2,1,2,2
dist_486,simulation_1,128,1,25,9,5.50207600235251,1.109496994203387,3.2448007673946213,0.2951874134900234,0,0,0,-1,2,2.765743130590521,9.373824143403077,0,3,-8,2.7863843207050794,pinhole,180,94.93847959971218,2.9341438989936846,gaussian,-1,80,0,2,full_warehouse,0,80,9.2993178279572,6,2.3094002363881447,nv_tile_hexagonal_various.jpg,nv_tile_square_green.jpg,nv_granite_tile.jpg,0.09886825852294338,,1.039539076335036,0.013224480887523168,1.0814297662001149,0.01193414670614578,86768,378766,215,81.85836577489066,0.2814359525081901,0.41147975567436995,1.7954765509864692,0.5125607080900042,1.022530191180112,0.012243614047776666,2,1,4,4,1,3,2,5,2,2,3,3,1,1,2
dist_487,simulation_1,128,1,23,7,2.265163060240984,0.7221152366249289,2.5586587036746016,0.5215661968628803,0,0,0,-1,2,1.7233010968269495,9.020079061289186,0,0,-7,3.2482311089861744,pinhole,180,65.43738647281518,3.635739453044794,gaussian,-1,77,0,2,warehouse_with_forklifts,0,110,9.751894239735323,6,2.309400211516357,nv_tile_hexagonal_various.jpg,nv_wooden_wall.jpg,nv_granite_tile.jpg,0.03469628242486211,,0.9617032154875229,0.0037147787406190676,1.070959957999116,0.012236367920014266,84872,353368,103,168.245564466033,0.26367120237594865,0.38831944238636157,0.5154243649246755,0.2536668710943321,1.0854593364306926,0.009320418299451433,3,1,5,4,1,3,2,5,3,2,5,3,1,1,2
dist_488,simulation_1,128,1,28,8,1.147244691393618,0.6829211976905909,3.077350605795024,0.5971507435958557,0,0,0,-1,2,2.6093326681342703,7.148042512007148,0,5,-9,3.661678031636855,pinhole,180,90.91425193310982,4.9087709243531,gaussian,-1,80,0,2,full_warehouse,0,110,9.07263029539609,6,2.3094002028128053,nv_concrete_aged_with_lines.jpg,nv_tile_square_green.jpg,nv_granite_tile.jpg,0.09927691511859482,,0.9472383510707203,0.005134141371848128,1.0818641809098823,0.0018070984351623801,63692,464224,383,123.71448982440532,0.28112891640293247,0.387692370367338,1.158276610542689,0.8530315169114435,0.9340167969403892,0.009181620471959941,3,1,5,4,1,3,2,5,3,2,3,3,1,1,2
dist_489,simulation_1,128,1,24,10,4.0867888658476215,0.39050171716625226,2.7703200117550097,0.3740983839831684,0,0,0,-1,2,1.7337523749327626,9.819963604981643,0,4,-5,4.185194095960776,pinhole,180,79.69772089704134,3.3726297234404807,gaussian,-1,91,0,2,full_warehouse,0,97,8.440830311970348,6,2.30940024809124,nv_tile_hexagonal_various.jpg,nv_tile_square_green.jpg,nv_granite_tile.jpg,0.10905636619171462,,0.9735779522585788,0.006577454469690551,0.9296100579447295,0.0027521977857417643,95876,246696,366,72.99335829633938,0.2131397175370366,0.48521883776277835,1.9026103866446251,0.2737247802071914,0.9419201774538335,0.008208298147155043,2,1,3,4,1,3,2,5,2,2,6,2,1,2,2
dist_490,simulation_1,128,1,26,10,0.7786652054107526,0.9707372191620521,2.307597215603522,0.19411420689287126,0,0,0,-1,2,3.2106071060153427,9.565880355116152,0,3,-4,3.3802971111359126,pinhole,180,94.42276978762028,3.3509341192399247,gaussian,-1,100,0,3,full_warehouse,0,57,9.670168506200621,6,2.3094001057027795,nv_tile_hexagonal_various.jpg,nv_granite_tile.jpg,nv_granite_tile.jpg,0.019962648759562173,,0.9727666018714296,0.005946540608277113,1.0548141777073528,0.0036308855788508435,56152,469701,125,117.89722459817926,0.22351404206058129,0.37954853238834635,1.6740008441054188,0.5772360195697529,1.087765141896386,0.011345204176723831,2,1,4,5,1,3,2,4,3,2,3,3,1,2,2
dist_491,simulation_1,128,1,24,6,2.745791156420961,0.41982368389261515,3.1398604396110574,0.5986739179351499,0,0,0,-1,2,2.770151289003759,8.235307692258868,0,2,-7,3.709951187972743,pinhole,180,82.76093888046103,4.209520873794923,gaussian,-1,81,1,2,warehouse_multiple_shelves,0,73,9.974401394651695,6,2.309400092907819,nv_tile_hexagonal_various.jpg,nv_tile_square_green.jpg,nv_granite_tile.jpg,0.014964914898111905,,0.9970235831468648,0.00043505883894964103,1.0117523786799236,0.028146112474987203,49869,433937,400,52.73870580087831,0.21829042982697203,0.29698582120492834,1.6038916118620672,0.6357731748488865,0.9090892614428245,0.0068832704086292705,2,1,2,5,1,3,2,4,3,2,3,2,1,1,2
dist_492,simulation_1,128,1,28,10,4.502055772847961,1.286392203625619,2.9882660231297873,0.387091822558545,0,0,0,-1,2,1.6525628370625027,8.930996482472867,0,1,-3,4.3139555132631795,pinhole,180,85.98570553352397,4.465293748698086,gaussian,-1,98,0,2,full_warehouse,0,93,9.595811068585226,6,2.309400360810548,nv_stone_painted_grey.jpg,nv_tile_square_green.jpg,nv_granite_tile.jpg,0.2329075660677967,,0.9775881275287422,0.016846807589313773,0.9715875803439356,0.015572860398530782,188780,259553,231,137.3820178673268,0.2780513870271338,0.5029297714555756,2.1948218888955675,0.5203142887224537,1.0471456515251152,0.006996924020812581,2,1,2,5,1,3,2,5,3,2,2,2,1,1,2
dist_493,simulation_1,128,1,22,6,5.764375500901258,0.9535856602028195,2.6547956081101667,0.24761685248225584,0,0,0,-1,2,1.9449890296242154,9.519225084916139,0,0,-7,0.7713382365236789,pinhole,180,103.13976932504289,4.155043216405763,gaussian,-1,77,1,2,full_warehouse,0,107,9.859889900460267,6,2.3094002394871453,nv_tile_hexagonal_various.jpg,,nv_granite_tile.jpg,0.15657764864142526,,0.9788066541266706,0.001760160192749784,1.0167283036599455,0.009050019607051268,97094,516473,330,43.24710357688673,0.26955123767036204,0.40474664345420713,0.9395487647639843,0.43324356870088004,1.0410027190736262,0.013504875969217166,2,1,3,5,1,3,2,5,2,2,3,4,1,1,2
dist_494,simulation_1,128,0,20,8,3.6686228806648535,0.23133572793436827,2.379748882008013,0.39245725000344034,0,0,0,-1,2,2.3914501755270696,9.152622324507067,0,4,-16,1.0200379645702056,pinhole,180,51.69629722120816,4.631312645917955,gaussian_jpeg,-1,67,0,2,full_warehouse,0,110,9.559714241503755,6,2.309400146681278,nv_tile_hexagonal_various.jpg,nv_stone_painted_grey.jpg,nv_granite_tile.jpg,0.14979656516047843,,1.0338484576517697,0.002569343213661571,1.0645379090166456,0.011692983926698194,96179,562397,7,10.858074888728893,0.17963898666619654,0.405606253669374,1.9895848327362413,0.6991145121470284,1.0616830622685647,0.005184173037463371,3,1,3,2,1,2,2,4,2,2,2,4,3,1,2
dist_495,simulation_1,128,1,25,8,0.6055971374368996,0.9507830822388001,2.781424871191933,0.3942452517005206,0,0,0,-1,2,1.9224373747585828,6.6905305630965275,0,1,-2,4.604606828308947,pinhole,180,106.06384321346889,4.8557389742456785,gaussian,-1,66,0,2,full_warehouse,0,100,9.706640762687496,6,2.3094001230463674,nv_tile_hexagonal_various.jpg,nv_tile_square_green.jpg,nv_granite_tile.jpg,0.03757376605028471,,1.0108356428866048,0.0064770874565407074,1.0612468957486307,0.007001483394278426,114500,594681,413,74.25980058877344,0.20321976836376754,0.2428832329845485,0.8852917444707405,0.46199323785044444,1.0355854855119762,0.0049465929909278715,2,1,3,4,1,3,2,5,2,2,5,4,1,2,2
dist_496,simulation_1,128,1,25,9,3.0344441733510013,0.8027229959418611,2.9950923015316344,0.4465595530137054,0,0,0,-1,2,1.6806335543631374,9.334925393652597,0,3,-11,2.8041124762654075,pinhole,180,81.07615443204108,3.4367116367168378,gaussian,-1,92,2,2,full_warehouse,0,87,9.835543715784707,6,2.3094001811017004,nv_stone_painted_grey.jpg,nv_tile_square_green.jpg,nv_tile_square_green.jpg,0.06690108067850863,,0.9995078679211116,0.004756606024932983,1.009751501668065,0.015113093986918865,75032,277244,251,88.20505759133508,0.25399368955729884,0.4197030228133604,1.8933962966631606,0.5530378064713989,1.1228081513447712,0.01497926681178977,2,1,3,4,1,3,2,5,2,2,3,2,1,2,2
dist_497,simulation_1,128,0,33,6,0.034997087741551386,0.4031933808063585,2.0064893322096236,0.09557181819193175,0,0,0,-1,2,3.3341877172312087,9.262922307387832,0,1,-11,3.6085044748121406,pinhole,180,90.16206367666521,0.5179824653803738,gaussian,-1,79,1,2,full_warehouse,0,81,6.702885486948157,6,2.309400969134227,nv_brick_red_stacked.jpg,nv_tile_hexagonal_green_white.jpg,nv_granite_tile.jpg,0.03825834433712374,,1.0780105286427355,0.01898801200538367,0.9778533735706486,0.028528276266784416,136465,430274,450,214.3728787983865,0.26753515927694765,0.48167554093915194,2.3398267970814173,0.8243070563556641,0.9847393350183143,0.0033108194754107255,2,1,3,2,1,1,2,2,3,2,4,2,1,1,2
