path,stem,num_pt,num_preds,mean_pt_iou,pt_recall_50,per_box_ious
/dataset/subset-3/2019-12-17_10/Cam3/1576595413.7409143.jpg,1576595413.7409143,3,42,0.0,0.0,"[0.0, 0.0, 0.0]"
/dataset/subset-3/2019-12-17_10/Cam2/1576593702.019606.jpg,1576593702.019606,3,29,0.0,0.0,"[0.0, 0.0, 0.0]"
/dataset/subset-3/2019-12-17_10/Cam2/1576593688.7166314.jpg,1576593688.7166314,1,24,0.0,0.0,[0.0]
/dataset/subset-3/2019-12-17_10/Cam3/1576594822.1497452.jpg,1576594822.1497452,3,31,0.0,0.0,"[0.0, 0.0, 0.0]"
/dataset/subset-3/2019-12-17_10/Cam3/1576596263.4767444.jpg,1576596263.4767444,1,0,0.0,0.0,[0.0]
"/dataset/subset-3/2019-12-17_5/RealSense/color/0/1576591689764,88.jpg","1576591689764,88",3,0,0.0,0.0,"[0.0, 0.0, 0.0]"
"/dataset/subset-3/2019-12-17_5/RealSense/color/0/1576591972580,44.jpg","1576591972580,44",1,64,0.0,0.0,[0.0]
"/dataset/subset-3/2019-12-17_9/Kinect/color/2600584,1493.jpg","2600584,1493",4,42,0.0,0.0,"[0.0, 0.0, 0.0, 0.0]"
"/dataset/subset-3/2019-12-17_9/Kinect/color/3344874,9322.jpg","3344874,9322",2,60,0.0,0.0,"[0.0, 0.0]"
/dataset/subset-3/2019-12-17_10/Cam1/1576594095.1039414.jpg,1576594095.1039414,1,3,0.0,0.0,[0.0]
"/dataset/subset-3/2019-12-17_9/RealSense/color/0/1576593687792,97.jpg","1576593687792,97",1,12,0.0,0.0,[0.0]
"/dataset/subset-3/2019-12-17_9/RealSense/color/0/1576593697536,31.jpg","1576593697536,31",2,26,0.0,0.0,"[0.0, 0.0]"
"/dataset/subset-3/2019-12-17_9/RealSense/color/0/1576593686618,02.jpg","1576593686618,02",1,28,0.0,0.0,[0.0]
"/dataset/subset-3/2019-12-17_9/RealSense/color/0/1576596002181,53.jpg","1576596002181,53",1,28,0.0,0.0,[0.0]
"/dataset/subset-3/2019-12-17_9/RealSense/color/0/1576596164781,21.jpg","1576596164781,21",2,50,0.0,0.0,"[0.0, 0.0]"
"/dataset/subset-3/2019-12-17_9/RealSense/color/0/1576596132162,14.jpg","1576596132162,14",2,52,0.0,0.0,"[0.0, 0.0]"
/dataset/subset-3/2019-12-17_10/Cam1/1576591744.6001387.jpg,1576591744.6001387,1,1,0.0,0.0,[0.0]
"/dataset/subset-3/2019-12-17_9/RealSense/color/0/1576593703581,85.jpg","1576593703581,85",3,17,0.0,0.0,"[0.0, 0.0, 0.0]"
"/dataset/subset-3/2019-12-17_9/RealSense/color/0/1576595269986,28.jpg","1576595269986,28",1,34,0.0,0.0,[0.0]
/dataset/subset-3/2019-12-17_10/Cam2/1576596128.965546.jpg,1576596128.965546,2,40,0.0,0.0,"[0.0, 0.0]"
"/dataset/subset-3/2019-12-17_9/RealSense/color/0/1576595252103,65.jpg","1576595252103,65",3,61,0.0,0.0,"[0.0, 0.0, 0.0]"
"/dataset/subset-3/2019-12-17_9/RealSense/color/0/1576595265019,07.jpg","1576595265019,07",1,51,0.0,0.0,[0.0]
"/dataset/subset-3/2019-12-17_9/RealSense/color/0/1576595258064,58.jpg","1576595258064,58",3,123,0.0061,0.0,"[0.0, 0.0, 0.018]"
"/dataset/subset-3/2019-12-17_9/RealSense/color/0/1576595257071,12.jpg","1576595257071,12",2,129,0.0102,0.0,"[0.0, 0.02]"
"/dataset/subset-3/2019-12-17_8/RealSense/color/0/1576592674514,49.jpg","1576592674514,49",3,38,0.0138,0.0,"[0.036, 0.0, 0.006]"
/dataset/subset-3/2019-12-17_10/Cam2/1576596164.465101.jpg,1576596164.465101,2,48,0.0151,0.0,"[0.03, 0.0]"
/dataset/subset-3/2019-12-17_10/Cam2/1576592664.9465384.jpg,1576592664.9465384,3,33,0.0154,0.0,"[0.046, 0.0, 0.0]"
"/dataset/subset-3/2019-12-17_9/RealSense/color/0/1576595428943,11.jpg","1576595428943,11",3,28,0.0222,0.0,"[0.067, 0.0, 0.0]"
/dataset/subset-3/2019-12-17_10/Cam3/1576591696.7704532.jpg,1576591696.7704532,2,41,0.0223,0.0,"[0.024, 0.02]"
/dataset/subset-3/2019-12-17_10/Cam2/1576596172.2105803.jpg,1576596172.2105803,2,54,0.0245,0.0,"[0.049, 0.0]"
/dataset/subset-3/2019-12-17_10/Cam2/1576592949.6627812.jpg,1576592949.6627812,3,39,0.0282,0.0,"[0.018, 0.043, 0.023]"
/dataset/subset-3/2019-12-17_10/Cam3/1576592761.7877562.jpg,1576592761.7877562,2,16,0.0427,0.0,"[0.045, 0.04]"
/dataset/subset-3/2019-12-17_10/Cam1/1576591651.5540068.jpg,1576591651.5540068,3,17,0.0456,0.0,"[0.068, 0.069, 0.0]"
/dataset/subset-3/2019-12-17_10/Cam2/1576596250.9407437.jpg,1576596250.9407437,1,53,0.0519,0.0,[0.052]
/dataset/subset-3/2019-12-17_10/Cam1/1576593978.8472974.jpg,1576593978.8472974,1,43,0.0546,0.0,[0.055]
"/dataset/subset-3/2019-12-17_8/RealSense/color/0/1576592766412,21.jpg","1576592766412,21",1,26,0.0571,0.0,[0.057]
"/dataset/subset-3/2019-12-17_9/RealSense/color/0/1576596265951,11.jpg","1576596265951,11",3,17,0.0622,0.0,"[0.082, 0.098, 0.006]"
/dataset/subset-3/2019-12-17_10/Cam1/1576591645.991117.jpg,1576591645.991117,2,17,0.0657,0.0,"[0.08, 0.051]"
/dataset/subset-3/2019-12-17_10/Cam1/1576591686.0501428.jpg,1576591686.0501428,3,30,0.067,0.0,"[0.082, 0.113, 0.006]"
/dataset/subset-3/2019-12-17_10/Cam1/1576593703.8646357.jpg,1576593703.8646357,3,13,0.0792,0.0,"[0.0, 0.0, 0.238]"
/dataset/subset-3/2019-12-17_10/Cam1/1576592710.6458898.jpg,1576592710.6458898,1,5,0.0812,0.0,[0.081]
/dataset/subset-3/2019-12-17_10/Cam3/1576596201.3884993.jpg,1576596201.3884993,2,37,0.0827,0.0,"[0.142, 0.023]"
/dataset/subset-3/2019-12-17_10/Cam3/1576592766.5129907.jpg,1576592766.5129907,1,19,0.0834,0.0,[0.083]
/dataset/subset-3/2019-12-17_10/Cam3/1576596010.856596.jpg,1576596010.856596,2,29,0.0848,0.0,"[0.118, 0.051]"
"/dataset/subset-3/2019-12-17_9/RealSense/color/0/1576593979879,74.jpg","1576593979879,74",3,98,0.0956,0.0,"[0.149, 0.138, 0.0]"
/dataset/subset-3/2019-12-17_10/Cam3/1576596202.4981503.jpg,1576596202.4981503,2,40,0.0998,0.0,"[0.138, 0.061]"
"/dataset/subset-3/2019-12-17_9/RealSense/color/0/1576593611706,42.jpg","1576593611706,42",2,8,0.113,0.0,"[0.0, 0.226]"
/dataset/subset-3/2019-12-17_10/Cam3/1576592758.3011672.jpg,1576592758.3011672,3,10,0.1158,0.0,"[0.094, 0.129, 0.124]"
/dataset/subset-3/2019-12-17_10/Cam3/1576595872.4841955.jpg,1576595872.4841955,3,69,0.1333,0.0,"[0.165, 0.139, 0.095]"
/dataset/subset-3/2019-12-17_10/Cam2/1576595710.5028307.jpg,1576595710.5028307,3,115,0.1351,0.0,"[0.167, 0.129, 0.109]"
"/dataset/subset-3/2019-12-17_9/RealSense/color/0/1576593189183,59.jpg","1576593189183,59",2,41,0.1438,0.0,"[0.165, 0.123]"
/dataset/subset-3/2019-12-17_10/Cam2/1576596019.3746989.jpg,1576596019.3746989,2,42,0.1533,0.0,"[0.199, 0.108]"
/dataset/subset-3/2019-12-17_10/Cam2/1576593967.0332532.jpg,1576593967.0332532,2,102,0.1606,0.0,"[0.152, 0.169]"
/dataset/subset-3/2019-12-17_10/Cam1/1576593967.768336.jpg,1576593967.768336,2,64,0.1687,0.0,"[0.138, 0.199]"
/dataset/subset-3/2019-12-17_10/Cam3/1576596009.762315.jpg,1576596009.762315,2,29,0.1788,0.0,"[0.212, 0.145]"
"/dataset/subset-3/2019-12-17_9/RealSense/color/0/1576593969801,87.jpg","1576593969801,87",2,89,0.1789,0.0,"[0.161, 0.196]"
"/dataset/subset-3/2019-12-17_9/RealSense/color/0/1576596265123,59.jpg","1576596265123,59",3,14,0.1815,0.0,"[0.375, 0.169, 0.0]"
/dataset/subset-3/2019-12-17_10/Cam3/1576593617.1514733.jpg,1576593617.1514733,4,22,0.2907,0.0,"[0.308, 0.359, 0.271, 0.224]"
"/dataset/subset-3/2019-12-17_9/RealSense/color/0/1576593185871,63.jpg","1576593185871,63",28,33,0.2925,0.25,"[0.03, 0.096, 0.745, 0.374, 0.319, 0.746, 0.334, 0.015, 0.193, 0.618, 0.0, 0.0, 0.0, 0.0, 0.0, 0.008, 0.013, 0.0, 0.403, 0.349, 0.402, 0.626, 0.538, 0.316, 0.418, 0.642, 0.422, 0.583]"
/dataset/subset-3/2019-12-17_10/Cam2/1576592685.5048158.jpg,1576592685.5048158,3,26,0.3007,0.0,"[0.449, 0.275, 0.178]"
"/dataset/subset-3/2019-12-17_9/RealSense/color/0/1576593710299,86.jpg","1576593710299,86",4,22,0.3049,0.25,"[0.085, 0.0, 0.29, 0.845]"
/dataset/subset-3/2019-12-17_10/Cam3/1576593612.7278724.jpg,1576593612.7278724,5,28,0.3279,0.2,"[0.073, 0.362, 0.644, 0.393, 0.168]"
/dataset/subset-3/2019-12-17_10/Cam2/1576595868.8089387.jpg,1576595868.8089387,3,54,0.3452,0.3333,"[0.881, 0.072, 0.083]"
"/dataset/subset-3/2019-12-17_8/RealSense/color/0/1576592713423,6.jpg","1576592713423,6",3,34,0.3461,0.3333,"[0.611, 0.349, 0.078]"
/dataset/subset-3/2019-12-17_10/Cam2/1576592946.3335907.jpg,1576592946.3335907,3,49,0.352,0.0,"[0.333, 0.452, 0.271]"
/dataset/subset-3/2019-12-17_10/Cam1/1576594779.3298974.jpg,1576594779.3298974,3,69,0.3564,0.3333,"[0.155, 0.105, 0.81]"
"/dataset/subset-3/2019-12-17_8/RealSense/color/0/1576592709449,37.jpg","1576592709449,37",3,36,0.3571,0.3333,"[0.168, 0.282, 0.621]"
/dataset/subset-3/2019-12-17_10/Cam3/1576596021.9482577.jpg,1576596021.9482577,3,64,0.37,0.3333,"[0.902, 0.128, 0.08]"
/dataset/subset-3/2019-12-17_10/Cam2/1576596182.1788533.jpg,1576596182.1788533,2,53,0.3736,0.5,"[0.542, 0.206]"
/dataset/subset-3/2019-12-17_10/Cam3/1576596192.5250401.jpg,1576596192.5250401,3,22,0.3741,0.3333,"[0.535, 0.482, 0.105]"
/dataset/subset-3/2019-12-17_10/Cam2/1576592742.9055545.jpg,1576592742.9055545,3,28,0.3747,0.3333,"[0.584, 0.29, 0.25]"
/dataset/subset-3/2019-12-17_10/Cam1/1576593696.0926828.jpg,1576593696.0926828,2,22,0.3757,0.5,"[0.55, 0.201]"
"/dataset/subset-3/2019-12-17_9/RealSense/color/0/1576593709124,81.jpg","1576593709124,81",3,22,0.3759,0.0,"[0.459, 0.403, 0.266]"
/dataset/subset-3/2019-12-17_10/Cam1/1576593686.135156.jpg,1576593686.135156,1,16,0.3807,0.0,[0.381]
"/dataset/subset-3/2019-12-17_9/RealSense/color/0/1576594795594,87.jpg","1576594795594,87",6,43,0.3876,0.3333,"[0.137, 0.391, 0.531, 0.291, 0.36, 0.616]"
/dataset/subset-3/2019-12-17_10/Cam1/1576593704.9776354.jpg,1576593704.9776354,3,12,0.403,0.3333,"[0.246, 0.625, 0.338]"
/dataset/subset-3/2019-12-17_10/Cam2/1576592683.291989.jpg,1576592683.291989,3,32,0.4031,0.0,"[0.441, 0.43, 0.339]"
"/dataset/subset-3/2019-12-17_8/RealSense/color/0/1576592762104,81.jpg","1576592762104,81",2,20,0.4243,0.5,"[0.654, 0.195]"
/dataset/subset-3/2019-12-17_10/Cam3/1576593611.6224425.jpg,1576593611.6224425,4,27,0.4326,0.5,"[0.233, 0.541, 0.344, 0.612]"
/dataset/subset-3/2019-12-17_10/Cam3/1576592942.2611804.jpg,1576592942.2611804,3,46,0.4386,0.3333,"[0.649, 0.377, 0.289]"
/dataset/subset-3/2019-12-17_10/Cam2/1576596193.2728524.jpg,1576596193.2728524,2,36,0.4397,0.5,"[0.675, 0.205]"
/dataset/subset-3/2019-12-17_10/Cam2/1576596191.0563583.jpg,1576596191.0563583,2,33,0.4553,0.5,"[0.633, 0.277]"
"/dataset/subset-3/2019-12-17_9/Kinect/color/3362674,7424.jpg","3362674,7424",2,35,0.4558,0.5,"[0.578, 0.334]"
"/dataset/subset-3/2019-12-17_8/RealSense/color/0/1576592741574,07.jpg","1576592741574,07",3,32,0.4707,0.3333,"[0.705, 0.451, 0.256]"
/dataset/subset-3/2019-12-17_10/Cam2/1576592747.5939894.jpg,1576592747.5939894,3,21,0.48,0.3333,"[0.793, 0.327, 0.32]"
"/dataset/subset-3/2019-12-17_8/RealSense/color/0/1576592671534,78.jpg","1576592671534,78",2,43,0.4827,0.5,"[0.774, 0.191]"
"/dataset/subset-3/2019-12-17_9/RealSense/color/0/1576596195910,17.jpg","1576596195910,17",2,24,0.4852,0.0,"[0.489, 0.481]"
/dataset/subset-3/2019-12-17_10/Cam3/1576592961.123327.jpg,1576592961.123327,3,17,0.4917,0.6667,"[0.264, 0.614, 0.597]"
/dataset/subset-3/2019-12-17_10/Cam1/1576594081.843254.jpg,1576594081.843254,4,33,0.5053,0.5,"[0.568, 0.406, 0.551, 0.497]"
"/dataset/subset-3/2019-12-17_5/Kinect/color/287964,7819.jpg","287964,7819",1,1,0.5156,1.0,[0.516]
"/dataset/subset-3/2019-12-17_8/RealSense/color/0/1576592752171,47.jpg","1576592752171,47",3,17,0.5204,0.6667,"[0.308, 0.519, 0.734]"
"/dataset/subset-3/2019-12-17_9/RealSense/color/0/1576592954721,05.jpg","1576592954721,05",3,25,0.5429,0.3333,"[0.852, 0.368, 0.409]"
"/dataset/subset-3/2019-12-17_8/RealSense/color/0/1576592746374,78.jpg","1576592746374,78",3,24,0.555,0.6667,"[0.393, 0.536, 0.736]"
/dataset/subset-3/2019-12-17_10/Cam1/1576594082.9448643.jpg,1576594082.9448643,4,27,0.5621,0.75,"[0.263, 0.777, 0.535, 0.674]"
/dataset/subset-3/2019-12-17_10/Cam2/1576592952.9973395.jpg,1576592952.9973395,3,41,0.5653,0.3333,"[0.895, 0.442, 0.359]"
"/dataset/subset-3/2019-12-17_9/RealSense/color/0/1576592954057,88.jpg","1576592954057,88",3,30,0.567,0.3333,"[0.866, 0.458, 0.377]"
/dataset/subset-3/2019-12-17_10/Cam2/1576596185.4985235.jpg,1576596185.4985235,2,40,0.5671,0.5,"[0.778, 0.356]"
/dataset/subset-3/2019-12-17_10/Cam3/1576592746.7789822.jpg,1576592746.7789822,2,18,0.5745,0.5,"[0.74, 0.409]"
/dataset/subset-3/2019-12-17_10/Cam3/1576596295.500085.jpg,1576596295.500085,1,2,0.5746,1.0,[0.575]
/dataset/subset-3/2019-12-17_10/Cam1/1576594812.532667.jpg,1576594812.532667,3,40,0.5865,0.6667,"[0.325, 0.681, 0.754]"
"/dataset/subset-3/2019-12-17_8/RealSense/color/0/1576592669546,51.jpg","1576592669546,51",1,28,0.6108,1.0,[0.611]
"/dataset/subset-3/2019-12-17_9/RealSense/color/0/1576596196908,75.jpg","1576596196908,75",2,24,0.6138,1.0,"[0.66, 0.567]"
"/dataset/subset-3/2019-12-17_8/RealSense/color/0/1576592758133,58.jpg","1576592758133,58",3,9,0.6225,0.6667,"[0.725, 0.422, 0.721]"
/dataset/subset-3/2019-12-17_10/Cam2/1576596198.8168786.jpg,1576596198.8168786,3,10,0.6275,1.0,"[0.861, 0.502, 0.52]"
/dataset/subset-3/2019-12-17_10/Cam3/1576596194.7408586.jpg,1576596194.7408586,3,14,0.6293,0.6667,"[0.793, 0.453, 0.642]"
/dataset/subset-3/2019-12-17_10/Cam2/1576596295.1383312.jpg,1576596295.1383312,1,2,0.6466,1.0,[0.647]
"/dataset/subset-3/2019-12-17_9/RealSense/color/0/1576596199569,15.jpg","1576596199569,15",3,18,0.6516,0.6667,"[0.753, 0.469, 0.732]"
"/dataset/subset-3/2019-12-17_8/RealSense/color/0/1576592740250,09.jpg","1576592740250,09",3,26,0.6656,1.0,"[0.519, 0.647, 0.83]"
/dataset/subset-3/2019-12-17_10/Cam2/1576596275.2649894.jpg,1576596275.2649894,1,10,0.6754,1.0,[0.675]
/dataset/subset-3/2019-12-17_10/Cam2/1576592759.1155803.jpg,1576592759.1155803,3,14,0.6852,0.6667,"[0.786, 0.326, 0.944]"
/dataset/subset-3/2019-12-17_10/Cam1/1576592663.3978252.jpg,1576592663.3978252,1,18,0.6891,1.0,[0.689]
"/dataset/subset-3/2019-12-17_9/Kinect/color/3048745,5484.jpg","3048745,5484",3,45,0.7173,1.0,"[0.794, 0.593, 0.765]"
/dataset/subset-3/2019-12-17_10/Cam1/1576591740.1848662.jpg,1576591740.1848662,1,2,0.7589,1.0,[0.759]
"/dataset/subset-3/2019-12-17_5/Kinect/color/294231,6619.jpg","294231,6619",1,5,0.7895,1.0,[0.79]
/dataset/subset-3/2019-12-17_10/Cam2/1576596277.4606686.jpg,1576596277.4606686,1,8,0.7971,1.0,[0.797]
/dataset/subset-3/2019-12-17_10/Cam3/1576596029.6918302.jpg,1576596029.6918302,3,54,0.8253,1.0,"[0.669, 0.895, 0.912]"
/dataset/subset-3/2019-12-17_10/Cam1/1576592006.4469478.jpg,1576592006.4469478,3,46,0.8376,1.0,"[0.868, 0.751, 0.893]"
/dataset/subset-3/2019-12-17_10/Cam2/1576591750.4998326.jpg,1576591750.4998326,1,6,0.8685,1.0,[0.868]
/dataset/subset-3/2019-12-17_10/Cam2/1576591749.3874242.jpg,1576591749.3874242,1,4,0.8934,1.0,[0.893]
/dataset/subset-3/2019-12-17_10/Cam3/1576596250.1925747.jpg,1576596250.1925747,1,33,0.9042,1.0,[0.904]
