label,display_name,group_type,image_count,centroid_l2_to_real,centroid_cosine_to_real,pca_centroid_l2_to_real,mmd_rbf_to_real,syn_to_real_nn_mean,syn_to_real_nn_median,real_to_syn_nn_mean,source_objective_value,source_manifest_rank,project_name,category,cycle_index,timestamp,selection_kind,trial_id,run_id,iteration_index,cache_path
run_02,run_02 1st_rounds_best ,selected,64,10.534134864807129,0.1624859333260391,5.886195659637451,0.37433107340647737,18.816370631170983,16.897215570849927,17.893579111791045,,,,1st_rounds_best,,,,trial_0,iter000_run027,,/Users/orram/Tensorleap/data/warehouse/top-runs-may-ok/1st_rounds_best/trial_0/cache/iter000_run027__d42c6f8e4b47c0bb_dinov2_vitb14_reg.npy
run_46,run_46 top_30 ,selected,128,10.59656810760498,0.16460753453844967,5.052533149719238,0.37630708183389344,18.90650188842758,17.162378607466348,17.63372504801039,,,,top_30,,,,trial_0,iter058_run003,,/Users/orram/Tensorleap/data/warehouse/top-runs-may-ok/top_30/trial_0/cache/iter058_run003__eadd4c3b911b__21862c0009650f20_dinov2_vitb14_reg.npy
run_67,run_67 workspace_noise_materials_objects_r01 ,selected,64,10.762386322021484,0.16860194850963428,6.204740524291992,0.3804041227894378,20.501753669291475,18.191082726973534,18.492970093355414,,,,workspace_noise_materials_objects_r01,,,,trial_90,iter017_run000,,/Users/orram/Tensorleap/data/warehouse/top-runs-may-ok/workspace_noise_materials_objects_r01/trial_90/cache/iter017_run000__a86ec06f4769_dinov2_vitb14_reg.npy
run_19,run_19 top_30 ,selected,128,10.802237510681152,0.17063247649033764,6.0364909172058105,0.3763711125910785,19.589987569038467,17.94234845742367,17.636377883845274,,,,top_30,,,,trial_0,iter020_run001,,/Users/orram/Tensorleap/data/warehouse/top-runs-may-ok/top_30/trial_0/cache/iter020_run001__e3ca7a44878e_dinov2_vitb14_reg.npy
run_13,run_13 top_30 ,selected,128,10.840272903442383,0.17280167268484004,5.9960761070251465,0.3798858250787092,19.29802196356721,18.404494580802265,17.633498055892836,,,,top_30,,,,trial_0,iter014_run003,,/Users/orram/Tensorleap/data/warehouse/top-runs-may-ok/top_30/trial_0/cache/iter014_run003__4705363517ce_dinov2_vitb14_reg.npy
run_05,run_05 1st_rounds_best ,selected,64,10.853315353393555,0.1731772168146718,6.45068359375,0.3882425607673846,18.515795838934952,16.362674924529628,17.718708747370687,,,,1st_rounds_best,,,,trial_0,iter005_run002,,/Users/orram/Tensorleap/data/warehouse/top-runs-may-ok/1st_rounds_best/trial_0/cache/iter005_run002__03bd33e36bcfaf51_dinov2_vitb14_reg.npy
run_25,run_25 top_30 ,selected,128,10.916248321533203,0.17487124597970005,6.293383598327637,0.3792969086296678,19.4072820916382,18.717477057623476,17.525397401398468,,,,top_30,,,,trial_0,iter023_run003,,/Users/orram/Tensorleap/data/warehouse/top-runs-may-ok/top_30/trial_0/cache/iter023_run003__5647bf934da0_dinov2_vitb14_reg.npy
run_59,run_59 workspace_camera_r01 ,selected,64,10.921536445617676,0.17572673819137985,5.218606948852539,0.39439399472238007,19.0948395381535,17.40976770162271,17.56641441164592,,,,workspace_camera_r01,,,,trial_132,iter025_run003,,/Users/orram/Tensorleap/data/warehouse/top-runs-may-ok/workspace_camera_r01/trial_132/cache/iter025_run003__c9e63188339f_dinov2_vitb14_reg.npy
run_72,run_72 workspace_noise_materials_objects_r02 ,selected,64,10.942957878112793,0.1720952985488735,7.155510902404785,0.37946273472187414,20.144531680028706,19.64691689103687,17.86958619952599,,,,workspace_noise_materials_objects_r02,,,,trial_83,iter014_run000,,/Users/orram/Tensorleap/data/warehouse/top-runs-may-ok/workspace_noise_materials_objects_r02/trial_83/cache/iter014_run000__5b300d2f8c10_dinov2_vitb14_reg.npy
run_09,run_09 1st_rounds_best ,selected,64,10.959016799926758,0.17608530062100902,7.066562175750732,0.3866190674433807,19.901147162861932,19.101045549797483,17.795686110528028,,,,1st_rounds_best,,,,trial_0,iter009_run006,,/Users/orram/Tensorleap/data/warehouse/top-runs-may-ok/1st_rounds_best/trial_0/cache/iter009_run006__fe02f75908c38eba_dinov2_vitb14_reg.npy
run_37,run_37 top_30 ,selected,128,11.003016471862793,0.17470134449052954,7.219860076904297,0.3784886853237035,20.166895480325785,18.587221032017126,17.68281417378883,,,,top_30,,,,trial_0,iter049_run003,,/Users/orram/Tensorleap/data/warehouse/top-runs-may-ok/top_30/trial_0/cache/iter049_run003__89594c50eddb_dinov2_vitb14_reg.npy
run_26,run_26 top_30 ,selected,128,11.022073745727539,0.17439132444481087,7.402036666870117,0.3780102046297841,20.619834344062383,20.2127677409225,17.485971717398627,,,,top_30,,,,trial_0,iter033_run000,,/Users/orram/Tensorleap/data/warehouse/top-runs-may-ok/top_30/trial_0/cache/iter033_run000__ffae73d41df5_dinov2_vitb14_reg.npy
run_76,run_76 workspace_noise_r01 ,selected,64,11.047945976257324,0.180464184510033,5.901491641998291,0.38869089883778557,19.444297917829324,17.82259522290841,18.20034574532225,,,,workspace_noise_r01,,,,trial_12,iter002_run000,,/Users/orram/Tensorleap/data/warehouse/top-runs-may-ok/workspace_noise_r01/trial_12/cache/iter002_run000__4c771a7db055_dinov2_vitb14_reg.npy
run_31,run_31 top_30 ,selected,128,11.099693298339844,0.17686250483756505,7.6876325607299805,0.3825597336915129,20.371064681732953,19.26501720232764,17.4408079595841,,,,top_30,,,,trial_0,iter047_run001,,/Users/orram/Tensorleap/data/warehouse/top-runs-may-ok/top_30/trial_0/cache/iter047_run001__d5e73780e4bb_dinov2_vitb14_reg.npy
run_62,run_62 workspace_camera_r01 ,selected,64,11.124470710754395,0.1719953769298308,1.9641097784042358,0.4173591349973252,17.791518774190926,17.011546342274443,18.714812075074363,,,,workspace_camera_r01,,,,trial_84,iter013_run003,,/Users/orram/Tensorleap/data/warehouse/top-runs-may-ok/workspace_camera_r01/trial_84/cache/iter013_run003__e1ca50ce14bf_dinov2_vitb14_reg.npy
run_40,run_40 top_30 ,selected,128,11.138123512268066,0.1824981734248704,6.597740173339844,0.38458000404729814,19.804107418183428,18.25349672271311,17.64168115786425,,,,top_30,,,,trial_0,iter052_run002,,/Users/orram/Tensorleap/data/warehouse/top-runs-may-ok/top_30/trial_0/cache/iter052_run002__378311540ac7_dinov2_vitb14_reg.npy
run_23,run_23 top_30 ,selected,128,11.146370887756348,0.18330529541978902,6.831698894500732,0.3908312971306541,19.94372728642743,18.954151201102835,18.050316720826824,,,,top_30,,,,trial_0,iter023_run001,,/Users/orram/Tensorleap/data/warehouse/top-runs-may-ok/top_30/trial_0/cache/iter023_run001__399e21d4129e_dinov2_vitb14_reg.npy
run_79,run_79 workspace_noise_r01 ,selected,64,11.146711349487305,0.18090184497591066,7.28012752532959,0.38829013386012184,20.79763005913568,20.37941868615965,18.353362512364583,,,,workspace_noise_r01,,,,trial_96,iter023_run000,,/Users/orram/Tensorleap/data/warehouse/top-runs-may-ok/workspace_noise_r01/trial_96/cache/iter023_run000__0d529cf41c7f_dinov2_vitb14_reg.npy
run_74,run_74 workspace_noise_r01 ,selected,64,11.14708423614502,0.18413499069781647,5.86501932144165,0.3914618548432019,19.660220266775404,17.957342061189834,18.28337355063277,,,,workspace_noise_r01,,,,trial_115,iter027_run003,,/Users/orram/Tensorleap/data/warehouse/top-runs-may-ok/workspace_noise_r01/trial_115/cache/iter027_run003__a16021192952_dinov2_vitb14_reg.npy
run_15,run_15 top_30 ,selected,128,11.235764503479004,0.18296393584630222,7.472080230712891,0.38189999198662616,20.37655744295047,18.385197599519692,17.681276642960487,,,,top_30,,,,trial_0,iter019_run001,,/Users/orram/Tensorleap/data/warehouse/top-runs-may-ok/top_30/trial_0/cache/iter019_run001__66d84a7f440f_dinov2_vitb14_reg.npy
run_45,run_45 top_30 ,selected,128,11.245736122131348,0.18652779676674558,6.79356575012207,0.3841311023729487,19.754931530862223,19.520422619906412,17.466576045586617,,,,top_30,,,,trial_0,iter057_run003,,/Users/orram/Tensorleap/data/warehouse/top-runs-may-ok/top_30/trial_0/cache/iter057_run003__5c06cffd3741_dinov2_vitb14_reg.npy
run_80,run_80 workspace_noise_r02 ,selected,64,11.25255298614502,0.1877655382882245,6.635286808013916,0.39315621746681806,20.006194639594597,18.783193381805,17.948635127397303,,,,workspace_noise_r02,,,,trial_112,iter021_run001,,/Users/orram/Tensorleap/data/warehouse/top-runs-may-ok/workspace_noise_r02/trial_112/cache/iter021_run001__12da74b25dcb_dinov2_vitb14_reg.npy
run_01,run_01 1st_rounds_best ,selected,64,11.256611824035645,0.18808801984541923,7.99960994720459,0.39565356335022533,18.9655769157135,18.013925533438698,17.565227187445775,,,,1st_rounds_best,,,,trial_0,iter000_run017,,/Users/orram/Tensorleap/data/warehouse/top-runs-may-ok/1st_rounds_best/trial_0/cache/iter000_run017__45a79b30c9864c8f_dinov2_vitb14_reg.npy
run_04,run_04 1st_rounds_best ,selected,64,11.284309387207031,0.18915409911157177,7.342523574829102,0.4014379237923863,19.429000084127864,18.396735487323394,17.661267990018064,,,,1st_rounds_best,,,,trial_0,iter004_run004,,/Users/orram/Tensorleap/data/warehouse/top-runs-may-ok/1st_rounds_best/trial_0/cache/iter004_run004__f7fffad202e13dcc_dinov2_vitb14_reg.npy
run_03,run_03 1st_rounds_best ,selected,64,11.296289443969727,0.1895949042529299,7.950816631317139,0.4020564094675618,19.047854479676154,16.96365820358998,17.839717855083435,,,,1st_rounds_best,,,,trial_0,iter004_run001,,/Users/orram/Tensorleap/data/warehouse/top-runs-may-ok/1st_rounds_best/trial_0/cache/iter004_run001__2c9f2d6f88e88d34_dinov2_vitb14_reg.npy
run_06,run_06 1st_rounds_best ,selected,64,11.311795234680176,0.18809283375804764,7.9004740715026855,0.39417640460271025,20.31958257591353,19.66551704434234,17.474857838601174,,,,1st_rounds_best,,,,trial_0,iter006_run000,,/Users/orram/Tensorleap/data/warehouse/top-runs-may-ok/1st_rounds_best/trial_0/cache/iter006_run000__2db11879e18cf406_dinov2_vitb14_reg.npy
run_61,run_61 workspace_camera_r01 ,selected,64,11.3333740234375,0.19098391788398805,6.557877063751221,0.39838989913080636,19.59205512165419,17.572631925102137,18.412147223889516,,,,workspace_camera_r01,,,,trial_142,iter028_run001,,/Users/orram/Tensorleap/data/warehouse/top-runs-may-ok/workspace_camera_r01/trial_142/cache/iter028_run001__625bc0ff03a6_dinov2_vitb14_reg.npy
run_70,run_70 workspace_noise_materials_objects_r02 ,selected,64,11.431745529174805,0.1929810150257214,7.171479225158691,0.38953777969224845,20.240642536340637,18.92709009112349,18.020997456147715,,,,workspace_noise_materials_objects_r02,,,,trial_41,iter003_run002,,/Users/orram/Tensorleap/data/warehouse/top-runs-may-ok/workspace_noise_materials_objects_r02/trial_41/cache/iter003_run002__cd95dbd7cc5e_dinov2_vitb14_reg.npy
run_60,run_60 workspace_camera_r01 ,selected,64,11.454837799072266,0.19410492978356086,4.53796911239624,0.4151368702534055,19.243374609405095,17.684717272471644,18.11981555404631,,,,workspace_camera_r01,,,,trial_136,iter026_run003,,/Users/orram/Tensorleap/data/warehouse/top-runs-may-ok/workspace_camera_r01/trial_136/cache/iter026_run003__945cc50b1fc9_dinov2_vitb14_reg.npy
run_53,run_53 workspace_camera_color_r01 ,selected,64,11.462509155273438,0.19167665421493796,7.93951416015625,0.39162353596508265,20.659439733732043,19.921480500627453,17.927079892544963,,,,workspace_camera_color_r01,,,,trial_78,iter016_run001,,/Users/orram/Tensorleap/data/warehouse/top-runs-may-ok/workspace_camera_color_r01/trial_78/cache/iter016_run001__3fd395bd3cf0_dinov2_vitb14_reg.npy
run_08,run_08 1st_rounds_best ,selected,64,11.488308906555176,0.1966229389496268,7.271103382110596,0.4022424580296477,19.837681964118275,19.532328395530644,17.53604394405802,,,,1st_rounds_best,,,,trial_0,iter007_run006,,/Users/orram/Tensorleap/data/warehouse/top-runs-may-ok/1st_rounds_best/trial_0/cache/iter007_run006__5e5ae1ce0a03f763_dinov2_vitb14_reg.npy
run_17,run_17 top_30 ,selected,128,11.504886627197266,0.19621480886925768,7.167788028717041,0.3931149370851423,19.803349256732766,19.494419582214864,17.29331955503307,,,,top_30,,,,trial_0,iter019_run003,,/Users/orram/Tensorleap/data/warehouse/top-runs-may-ok/top_30/trial_0/cache/iter019_run003__76956f1e89e9_dinov2_vitb14_reg.npy
run_63,run_63 workspace_noise_materials_objects_r01 ,selected,64,11.523675918579102,0.1968687526412427,7.385493278503418,0.4014104484134662,20.63383722427608,19.147729684184434,18.470454563064433,,,,workspace_noise_materials_objects_r01,,,,trial_112,iter022_run002,,/Users/orram/Tensorleap/data/warehouse/top-runs-may-ok/workspace_noise_materials_objects_r01/trial_112/cache/iter022_run002__abebe2bf3ac5_dinov2_vitb14_reg.npy
run_39,run_39 top_30 ,selected,128,11.555826187133789,0.197890498456063,7.476815700531006,0.3930345032307976,20.434273657122418,19.955168901601837,17.430667634738487,,,,top_30,,,,trial_0,iter052_run001,,/Users/orram/Tensorleap/data/warehouse/top-runs-may-ok/top_30/trial_0/cache/iter052_run001__73bc042c004a_dinov2_vitb14_reg.npy
run_24,run_24 top_30 ,selected,128,11.58165168762207,0.19891609447695002,7.342628479003906,0.3990344965042528,20.328473662598455,19.463109979045015,17.96230832893621,,,,top_30,,,,trial_0,iter023_run002,,/Users/orram/Tensorleap/data/warehouse/top-runs-may-ok/top_30/trial_0/cache/iter023_run002__045ecd303e2a_dinov2_vitb14_reg.npy
run_75,run_75 workspace_noise_r01 ,selected,64,11.583220481872559,0.19261870364791744,8.22496223449707,0.394069228890207,21.154278915366945,19.13115673346739,17.972689653248047,,,,workspace_noise_r01,,,,trial_119,iter028_run003,,/Users/orram/Tensorleap/data/warehouse/top-runs-may-ok/workspace_noise_r01/trial_119/cache/iter028_run003__7d70bafa9e12_dinov2_vitb14_reg.npy
run_43,run_43 top_30 ,selected,128,11.591794967651367,0.1958059828879698,8.096474647521973,0.39454872084005527,20.381188610687794,20.47727495193869,17.468691519044725,,,,top_30,,,,trial_0,iter057_run001,,/Users/orram/Tensorleap/data/warehouse/top-runs-may-ok/top_30/trial_0/cache/iter057_run001__1d7fe5e3f8cd_dinov2_vitb14_reg.npy
run_73,run_73 workspace_noise_r01 ,selected,64,11.592530250549316,0.20088278431310802,6.691450595855713,0.3987779428647157,19.93285230960555,19.34605977120286,17.582181575941515,,,,workspace_noise_r01,,,,trial_112,iter027_run000,,/Users/orram/Tensorleap/data/warehouse/top-runs-may-ok/workspace_noise_r01/trial_112/cache/iter027_run000__d7baac39d5ef_dinov2_vitb14_reg.npy
run_77,run_77 workspace_noise_r01 ,selected,64,11.597188949584961,0.19826637526904145,7.825521469116211,0.3933155540673627,21.185446819261454,19.571782914860833,18.140620051252107,,,,workspace_noise_r01,,,,trial_15,iter002_run003,,/Users/orram/Tensorleap/data/warehouse/top-runs-may-ok/workspace_noise_r01/trial_15/cache/iter002_run003__5b7b1c5f0f26_dinov2_vitb14_reg.npy
run_18,run_18 top_30 ,selected,128,11.62186336517334,0.19882823984931852,7.558294296264648,0.4013412114128139,20.280919694755713,18.952566646025637,18.159696046163575,,,,top_30,,,,trial_0,iter020_run000,,/Users/orram/Tensorleap/data/warehouse/top-runs-may-ok/top_30/trial_0/cache/iter020_run000__f485ea2d0440_dinov2_vitb14_reg.npy
run_69,run_69 workspace_noise_materials_objects_r02 ,selected,64,11.660821914672852,0.20179344720640002,7.275318622589111,0.3983387710984374,20.690043523244576,18.280088691171493,18.049157668325563,,,,workspace_noise_materials_objects_r02,,,,trial_135,iter027_run000,,/Users/orram/Tensorleap/data/warehouse/top-runs-may-ok/workspace_noise_materials_objects_r02/trial_135/cache/iter027_run000__b9c993056f22_dinov2_vitb14_reg.npy
run_84,run_84 workspace_scene_object_r02 ,selected,64,11.711603164672852,0.2021421268660618,8.09434700012207,0.3926621593957358,21.299968517921428,22.948784450903,17.56654895004368,,,,workspace_scene_object_r02,,,,trial_144,iter029_run001,,/Users/orram/Tensorleap/data/warehouse/top-runs-may-ok/workspace_scene_object_r02/trial_144/cache/iter029_run001__ea04817ed34b_dinov2_vitb14_reg.npy
run_33,run_33 top_30 ,selected,128,11.746428489685059,0.20174404674673352,8.30606746673584,0.40124676655608227,20.433904920273164,18.933598367838385,17.406425463720307,,,,top_30,,,,trial_0,iter047_run003,,/Users/orram/Tensorleap/data/warehouse/top-runs-may-ok/top_30/trial_0/cache/iter047_run003__c930aaa81b93_dinov2_vitb14_reg.npy
run_66,run_66 workspace_noise_materials_objects_r01 ,selected,64,11.759389877319336,0.20758248480299446,6.439352989196777,0.4094951113847661,20.888958872144933,20.306741206300646,17.840800181413687,,,,workspace_noise_materials_objects_r01,,,,trial_38,iter004_run000,,/Users/orram/Tensorleap/data/warehouse/top-runs-may-ok/workspace_noise_materials_objects_r01/trial_38/cache/iter004_run000__61102c8f9f60_dinov2_vitb14_reg.npy
run_10,run_10 top_30 ,selected,128,11.771100044250488,0.20600159692715814,7.516816139221191,0.4012200763587278,20.777366232736348,19.48338877448375,17.869166584087278,,,,top_30,,,,trial_0,iter014_run000,,/Users/orram/Tensorleap/data/warehouse/top-runs-may-ok/top_30/trial_0/cache/iter014_run000__29c0725200a1_dinov2_vitb14_reg.npy
run_42,run_42 top_30 ,selected,128,11.792604446411133,0.20530547543946687,8.135231018066406,0.40101587618482215,20.818560043870608,20.312073338027773,17.628874811217493,,,,top_30,,,,trial_0,iter057_run000,,/Users/orram/Tensorleap/data/warehouse/top-runs-may-ok/top_30/trial_0/cache/iter057_run000__4fa2c1fd8685_dinov2_vitb14_reg.npy
run_51,run_51 workspace_camera_color_r01 ,selected,64,11.83533000946045,0.20515967151041858,8.38424301147461,0.40271689291327173,20.984709630871045,20.571212844744863,17.816294674623357,,,,workspace_camera_color_r01,,,,trial_38,iter006_run001,,/Users/orram/Tensorleap/data/warehouse/top-runs-may-ok/workspace_camera_color_r01/trial_38/cache/iter006_run001__7c7da5db31c1_dinov2_vitb14_reg.npy
run_21,run_21 top_30 ,selected,128,11.85061264038086,0.2079926716222783,8.40322208404541,0.40367981029126626,20.849841621269924,19.26581802543234,17.771920653794453,,,,top_30,,,,trial_0,iter020_run003,,/Users/orram/Tensorleap/data/warehouse/top-runs-may-ok/top_30/trial_0/cache/iter020_run003__167f9a5cdf1a_dinov2_vitb14_reg.npy
run_56,run_56 workspace_camera_color_r02 ,selected,64,11.89762020111084,0.21041950859480774,8.485361099243164,0.40425323638473626,21.551763245719677,20.728790119220797,18.025385186770126,,,,workspace_camera_color_r02,,,,trial_134,iter026_run003,,/Users/orram/Tensorleap/data/warehouse/top-runs-may-ok/workspace_camera_color_r02/trial_134/cache/iter026_run003__7a000dc02cad_dinov2_vitb14_reg.npy
run_50,run_50 workspace_camera_color_r01 ,selected,64,11.899757385253906,0.20838201530894995,8.469139099121094,0.40191233088521094,21.440318005527633,20.930668994845583,17.872180638029157,,,,workspace_camera_color_r01,,,,trial_32,iter004_run003,,/Users/orram/Tensorleap/data/warehouse/top-runs-may-ok/workspace_camera_color_r01/trial_32/cache/iter004_run003__5a37c8c9d118_dinov2_vitb14_reg.npy
run_71,run_71 workspace_noise_materials_objects_r02 ,selected,64,11.915131568908691,0.21065730905808533,7.853445053100586,0.4086825049729582,20.924653091038003,20.067570432171088,17.854692643639385,,,,workspace_noise_materials_objects_r02,,,,trial_64,iter009_run001,,/Users/orram/Tensorleap/data/warehouse/top-runs-may-ok/workspace_noise_materials_objects_r02/trial_64/cache/iter009_run001__cd2cd171e7e7_dinov2_vitb14_reg.npy
run_83,run_83 workspace_scene_object_r02 ,selected,64,11.932722091674805,0.21072495166911887,8.350470542907715,0.4056901759180464,21.36397517292479,20.860151677022877,18.054615904961153,,,,workspace_scene_object_r02,,,,trial_126,iter024_run003,,/Users/orram/Tensorleap/data/warehouse/top-runs-may-ok/workspace_scene_object_r02/trial_126/cache/iter024_run003__5b0e2427038b_dinov2_vitb14_reg.npy
run_82,run_82 workspace_noise_r02 ,selected,64,11.947589874267578,0.21521452094347082,7.3952956199646,0.4101431085311777,20.658191432121537,19.444482049859175,18.248851394605214,,,,workspace_noise_r02,,,,trial_99,iter018_run000,,/Users/orram/Tensorleap/data/warehouse/top-runs-may-ok/workspace_noise_r02/trial_99/cache/iter018_run000__2ffff2a4e9f0_dinov2_vitb14_reg.npy
run_07,run_07 1st_rounds_best ,selected,64,12.088611602783203,0.2185922602195547,9.062503814697266,0.41941054954197426,20.651515031871988,19.499747428572764,17.701601328865767,,,,1st_rounds_best,,,,trial_0,iter006_run007,,/Users/orram/Tensorleap/data/warehouse/top-runs-may-ok/1st_rounds_best/trial_0/cache/iter006_run007__4f5cc000d1036efc_dinov2_vitb14_reg.npy
run_64,run_64 workspace_noise_materials_objects_r01 ,selected,64,12.088804244995117,0.21515561182487009,8.839620590209961,0.4106139852122777,21.92131376324277,21.174091427124708,17.753936623727398,,,,workspace_noise_materials_objects_r01,,,,trial_125,iter025_run003,,/Users/orram/Tensorleap/data/warehouse/top-runs-may-ok/workspace_noise_materials_objects_r01/trial_125/cache/iter025_run003__6386ea1cfbd0_dinov2_vitb14_reg.npy
run_55,run_55 workspace_camera_color_r02 ,selected,64,12.101699829101562,0.22093851398782427,7.951109886169434,0.4115259291811889,20.937168135353897,19.854008120028347,18.149576582936206,,,,workspace_camera_color_r02,,,,trial_103,iter019_run000,,/Users/orram/Tensorleap/data/warehouse/top-runs-may-ok/workspace_camera_color_r02/trial_103/cache/iter019_run000__c6d4e82918e7_dinov2_vitb14_reg.npy
run_68,run_68 workspace_noise_materials_objects_r02 ,selected,64,12.107298851013184,0.22137237258653542,7.69565486907959,0.41448075775721904,21.22514966668652,20.00393131802342,18.474278744998777,,,,workspace_noise_materials_objects_r02,,,,trial_131,iter026_run000,,/Users/orram/Tensorleap/data/warehouse/top-runs-may-ok/workspace_noise_materials_objects_r02/trial_131/cache/iter026_run000__20f1b66bcc46_dinov2_vitb14_reg.npy
run_52,run_52 workspace_camera_color_r01 ,selected,64,12.123143196105957,0.221032445538636,8.334366798400879,0.40992212824256774,21.075569411353424,20.145306437389962,17.7124967755634,,,,workspace_camera_color_r01,,,,trial_72,iter014_run003,,/Users/orram/Tensorleap/data/warehouse/top-runs-may-ok/workspace_camera_color_r01/trial_72/cache/iter014_run003__4f7e3cfbf124_dinov2_vitb14_reg.npy
run_38,run_38 top_30 ,selected,128,12.130606651306152,0.21953530711608749,8.585570335388184,0.4107531595609936,21.367016159772245,20.501527740862166,17.631050493569106,,,,top_30,,,,trial_0,iter052_run000,,/Users/orram/Tensorleap/data/warehouse/top-runs-may-ok/top_30/trial_0/cache/iter052_run000__fa4e8e75f8e4_dinov2_vitb14_reg.npy
run_57,run_57 workspace_camera_color_r02 ,selected,64,12.157838821411133,0.22336624090791368,7.859012603759766,0.41827965265763656,21.190641925369732,20.01966422672564,17.92443432924968,,,,workspace_camera_color_r02,,,,trial_135,iter027_run000,,/Users/orram/Tensorleap/data/warehouse/top-runs-may-ok/workspace_camera_color_r02/trial_135/cache/iter027_run000__cecc78a5a3e5_dinov2_vitb14_reg.npy
run_78,run_78 workspace_noise_r01 ,selected,64,12.168383598327637,0.22432401247005052,7.494136333465576,0.4161622566558487,21.11164038829858,21.174761445799525,18.33055480555483,,,,workspace_noise_r01,,,,trial_31,iter006_run003,,/Users/orram/Tensorleap/data/warehouse/top-runs-may-ok/workspace_noise_r01/trial_31/cache/iter006_run003__bb9c9dcd86f2_dinov2_vitb14_reg.npy
run_44,run_44 top_30 ,selected,128,12.170086860656738,0.22292330707117847,8.372106552124023,0.41604781948322356,20.5910109128488,19.5974430215057,17.745876322365106,,,,top_30,,,,trial_0,iter057_run002,,/Users/orram/Tensorleap/data/warehouse/top-runs-may-ok/top_30/trial_0/cache/iter057_run002__4126efb9d220_dinov2_vitb14_reg.npy
run_85,run_85 workspace_scene_object_r02 ,selected,64,12.19644832611084,0.22548752151360996,7.459374904632568,0.4179763871733923,20.948834018520998,20.44800696169989,18.29868371557298,,,,workspace_scene_object_r02,,,,trial_74,iter011_run003,,/Users/orram/Tensorleap/data/warehouse/top-runs-may-ok/workspace_scene_object_r02/trial_74/cache/iter011_run003__9d70e34cee2f_dinov2_vitb14_reg.npy
run_41,run_41 top_30 ,selected,128,12.28031063079834,0.22736684629134052,8.425301551818848,0.413529555522508,21.030950643114018,21.13695456058533,17.53804519054423,,,,top_30,,,,trial_0,iter052_run003,,/Users/orram/Tensorleap/data/warehouse/top-runs-may-ok/top_30/trial_0/cache/iter052_run003__071a80790526_dinov2_vitb14_reg.npy
run_47,run_47 workspace_camera_color_r01 ,selected,64,12.290552139282227,0.22500767699622415,9.018733024597168,0.4131013523069925,21.92430936215505,21.723003748380002,18.37470059088273,,,,workspace_camera_color_r01,,,,trial_112,iter024_run003,,/Users/orram/Tensorleap/data/warehouse/top-runs-may-ok/workspace_camera_color_r01/trial_112/cache/iter024_run003__d7d8a975a1cc_dinov2_vitb14_reg.npy
run_30,run_30 top_30 ,selected,128,12.291454315185547,0.227282771298569,8.630318641662598,0.4197063310490764,20.59867907589813,19.272831477937547,17.631492239262744,,,,top_30,,,,trial_0,iter047_run000,,/Users/orram/Tensorleap/data/warehouse/top-runs-may-ok/top_30/trial_0/cache/iter047_run000__37b97155d229_dinov2_vitb14_reg.npy
run_81,run_81 workspace_noise_r02 ,selected,64,12.321572303771973,0.23003615328832883,8.24513053894043,0.41804455522934303,21.764333392438104,20.712171227705046,18.03910945595852,,,,workspace_noise_r02,,,,trial_71,iter011_run000,,/Users/orram/Tensorleap/data/warehouse/top-runs-may-ok/workspace_noise_r02/trial_71/cache/iter011_run000__4ba065e0749e_dinov2_vitb14_reg.npy
run_86,run_86 workspace_scene_object_r02 ,selected,64,12.392050743103027,0.2318655207338466,8.768325805664062,0.4115768114718957,21.061545223473825,22.08680559788131,17.680193460336167,,,,workspace_scene_object_r02,,,,trial_88,iter015_run001,,/Users/orram/Tensorleap/data/warehouse/top-runs-may-ok/workspace_scene_object_r02/trial_88/cache/iter015_run001__2d2324a6ddbd_dinov2_vitb14_reg.npy
run_54,run_54 workspace_camera_color_r01 ,selected,64,12.421656608581543,0.235027049467329,8.187365531921387,0.4166676044870494,21.515836708076293,20.805505708812223,17.69106575616731,,,,workspace_camera_color_r01,,,,trial_97,iter021_run000,,/Users/orram/Tensorleap/data/warehouse/top-runs-may-ok/workspace_camera_color_r01/trial_97/cache/iter021_run000__b161fafaf94c_dinov2_vitb14_reg.npy
run_65,run_65 workspace_noise_materials_objects_r01 ,selected,64,12.470136642456055,0.2355850122943679,9.600006103515625,0.41636294891907455,21.32468220474969,21.314863039417055,17.824311725013793,,,,workspace_noise_materials_objects_r01,,,,trial_37,iter003_run003,,/Users/orram/Tensorleap/data/warehouse/top-runs-may-ok/workspace_noise_materials_objects_r01/trial_37/cache/iter003_run003__f088ea8d93d9_dinov2_vitb14_reg.npy
run_48,run_48 workspace_camera_color_r01 ,selected,64,12.522187232971191,0.23761206138034585,8.940045356750488,0.41634761576171336,21.880938240298185,22.01690924723866,18.075319437283895,,,,workspace_camera_color_r01,,,,trial_15,iter000_run002,,/Users/orram/Tensorleap/data/warehouse/top-runs-may-ok/workspace_camera_color_r01/trial_15/cache/iter000_run002__535c8cea2046_dinov2_vitb14_reg.npy
run_58,run_58 workspace_camera_color_r02 ,selected,64,12.538124084472656,0.234051741505935,9.831450462341309,0.41579511624216836,22.087324464449548,24.337424130417624,17.742679338333797,,,,workspace_camera_color_r02,,,,trial_139,iter028_run000,,/Users/orram/Tensorleap/data/warehouse/top-runs-may-ok/workspace_camera_color_r02/trial_139/cache/iter028_run000__3e683028a281_dinov2_vitb14_reg.npy
run_35,run_35 top_30 ,selected,128,12.582684516906738,0.23705555904419695,9.17387866973877,0.42390419710229704,21.990674663098098,23.39969620135892,17.689175868519317,,,,top_30,,,,trial_0,iter049_run001,,/Users/orram/Tensorleap/data/warehouse/top-runs-may-ok/top_30/trial_0/cache/iter049_run001__32a838392281_dinov2_vitb14_reg.npy
base:exp03_shelves_medium_clutter,exp03_shelves_medium_clutter,base,128,12.636013984680176,0.24400618025266563,8.630605697631836,0.42667455142557414,21.609585872521418,21.143778030182,17.947919616829445,,,,,,,,,,,/Users/orram/Tensorleap/data/warehouse/base_v2_final/exp03_shelves_medium_clutter
run_49,run_49 workspace_camera_color_r01 ,selected,64,12.63618278503418,0.23794053645112978,9.609382629394531,0.4182702663088621,22.178123459773843,24.33671584171931,18.089290635259164,,,,workspace_camera_color_r01,,,,trial_21,iter002_run000,,/Users/orram/Tensorleap/data/warehouse/top-runs-may-ok/workspace_camera_color_r01/trial_21/cache/iter002_run000__99e15e418ba7_dinov2_vitb14_reg.npy
run_34,run_34 top_30 ,selected,128,12.648036003112793,0.24301475823258956,8.834662437438965,0.42611144125647477,21.603973568858834,19.642981931511656,18.246887248727855,,,,top_30,,,,trial_0,iter049_run000,,/Users/orram/Tensorleap/data/warehouse/top-runs-may-ok/top_30/trial_0/cache/iter049_run000__f47ff07c2b78_dinov2_vitb14_reg.npy
run_29,run_29 top_30 ,selected,128,12.686230659484863,0.24659974535781704,8.879871368408203,0.42513190306041965,21.005648628039154,19.760616428702743,17.593010761395185,,,,top_30,,,,trial_0,iter033_run003,,/Users/orram/Tensorleap/data/warehouse/top-runs-may-ok/top_30/trial_0/cache/iter033_run003__bf7837b3bdbd_dinov2_vitb14_reg.npy
run_36,run_36 top_30 ,selected,128,12.898662567138672,0.2561254308731342,8.765510559082031,0.4337230410358729,22.166125225200716,21.228120636242295,18.32876823952993,,,,top_30,,,,trial_0,iter049_run002,,/Users/orram/Tensorleap/data/warehouse/top-runs-may-ok/top_30/trial_0/cache/iter049_run002__d7b333746218_dinov2_vitb14_reg.npy
run_16,run_16 top_30 ,selected,128,12.930304527282715,0.2558168239855897,9.509398460388184,0.43340892265074465,22.3433217319508,21.1424194127322,17.965279932020024,,,,top_30,,,,trial_0,iter019_run002,,/Users/orram/Tensorleap/data/warehouse/top-runs-may-ok/top_30/trial_0/cache/iter019_run002__fdd32b86247c_dinov2_vitb14_reg.npy
run_22,run_22 top_30 ,selected,128,13.077691078186035,0.2639528725244894,9.75694751739502,0.44106956408448245,22.008609219089763,21.84463568803684,17.99053998601427,,,,top_30,,,,trial_0,iter023_run000,,/Users/orram/Tensorleap/data/warehouse/top-runs-may-ok/top_30/trial_0/cache/iter023_run000__1841bfe1d872_dinov2_vitb14_reg.npy
run_12,run_12 top_30 ,selected,128,13.083495140075684,0.2646621842251944,9.318849563598633,0.43993746835072384,22.411942878530766,22.901060387777996,18.577477612995636,,,,top_30,,,,trial_0,iter014_run002,,/Users/orram/Tensorleap/data/warehouse/top-runs-may-ok/top_30/trial_0/cache/iter014_run002__f854c35e0e64_dinov2_vitb14_reg.npy
run_14,run_14 top_30 ,selected,128,13.101799964904785,0.26203909663596525,9.987953186035156,0.43782368439472935,22.53045769646303,22.697313450148926,18.037284046779558,,,,top_30,,,,trial_0,iter019_run000,,/Users/orram/Tensorleap/data/warehouse/top-runs-may-ok/top_30/trial_0/cache/iter019_run000__05d1f861aa55_dinov2_vitb14_reg.npy
base:exp32_all_new_objects_jpeg_noise,exp32_all_new_objects_jpeg_noise,base,128,13.250676155090332,0.2691936258861579,10.319233894348145,0.43904499587334606,22.661521656458728,23.921301798938728,17.737605758426078,,,,,,,,,,,/Users/orram/Tensorleap/data/warehouse/base_v2_final/exp32_all_new_objects_jpeg_noise
run_27,run_27 top_30 ,selected,128,13.451796531677246,0.28367969187871034,9.793757438659668,0.4528216006817917,22.588287952189237,22.236594871447693,18.190112275141917,,,,top_30,,,,trial_0,iter033_run001,,/Users/orram/Tensorleap/data/warehouse/top-runs-may-ok/top_30/trial_0/cache/iter033_run001__ed2d581d9020_dinov2_vitb14_reg.npy
run_28,run_28 top_30 ,selected,128,13.527595520019531,0.2870786035881455,10.151796340942383,0.45454381914253034,22.163455740729635,23.4938451921118,18.417937242227435,,,,top_30,,,,trial_0,iter033_run002,,/Users/orram/Tensorleap/data/warehouse/top-runs-may-ok/top_30/trial_0/cache/iter033_run002__76b9a7b89003_dinov2_vitb14_reg.npy
run_11,run_11 top_30 ,selected,128,14.046041488647461,0.31489418779498646,10.830787658691406,0.46540172245192335,23.235414808223283,24.006281374153073,17.977605187815062,,,,top_30,,,,trial_0,iter014_run001,,/Users/orram/Tensorleap/data/warehouse/top-runs-may-ok/top_30/trial_0/cache/iter014_run001__5d97581009a1_dinov2_vitb14_reg.npy
base:exp15_long_range_sparse,exp15_long_range_sparse,base,128,14.052135467529297,0.31384972197063266,11.175202369689941,0.460516029639376,23.2417305863754,25.527797519297188,17.40779969199619,,,,,,,,,,,/Users/orram/Tensorleap/data/warehouse/base_v2_final/exp15_long_range_sparse
base:exp17_max_clutter_three_textures,exp17_max_clutter_three_textures,base,128,14.148711204528809,0.32056634208221346,10.889139175415039,0.47291515664035283,23.417925741567082,24.43683677617973,18.268243673867943,,,,,,,,,,,/Users/orram/Tensorleap/data/warehouse/base_v2_final/exp17_max_clutter_three_textures
base:exp02_full_warehouse_bright,exp02_full_warehouse_bright,base,128,14.192242622375488,0.31997185026849084,11.810449600219727,0.4645205400068754,23.08821464147851,25.682700469180404,17.702783083516987,,,,,,,,,,,/Users/orram/Tensorleap/data/warehouse/base_v2_final/exp02_full_warehouse_bright
base:exp29_pallet_stacks_dense,exp29_pallet_stacks_dense,base,128,14.468990325927734,0.33796963262165847,11.900815963745117,0.4740395618317164,23.37609220663868,25.279861442733743,18.10944404152682,,,,,,,,,,,/Users/orram/Tensorleap/data/warehouse/base_v2_final/exp29_pallet_stacks_dense
base:exp07_ultrawide_full_scene,exp07_ultrawide_full_scene,base,128,14.81241226196289,0.3567776553751393,11.556978225708008,0.4913820197020224,22.678443444219592,23.941488341797786,17.80477635495213,,,,,,,,,,,/Users/orram/Tensorleap/data/warehouse/base_v2_final/exp07_ultrawide_full_scene
base:exp14_multi_palletjack_dense,exp14_multi_palletjack_dense,base,128,14.865326881408691,0.36235046639299473,11.612346649169922,0.48783683829946883,23.58254355568056,26.011790184392794,18.169103184031773,,,,,,,,,,,/Users/orram/Tensorleap/data/warehouse/base_v2_final/exp14_multi_palletjack_dense
run_32,run_32 top_30 ,selected,128,14.918529510498047,0.3665345194257106,12.320686340332031,0.4927724108389849,24.400435457961777,25.98637814810212,18.185625654499876,,,,top_30,,,,trial_0,iter047_run002,,/Users/orram/Tensorleap/data/warehouse/top-runs-may-ok/top_30/trial_0/cache/iter047_run002__a473e61db2a0_dinov2_vitb14_reg.npy
run_20,run_20 top_30 ,selected,128,15.109786033630371,0.37894986996345914,12.951534271240234,0.4957321771999843,23.389108101805512,25.32846659886426,17.83693411370575,,,,top_30,,,,trial_0,iter020_run002,,/Users/orram/Tensorleap/data/warehouse/top-runs-may-ok/top_30/trial_0/cache/iter020_run002__8a05b9c7836f_dinov2_vitb14_reg.npy
base:test,test,base,64,15.388145446777344,0.3885102365567158,12.32695198059082,0.5214108670887005,22.042017758878313,22.782344760824216,20.485010375823055,,,,,,,,,,,/Users/orram/Tensorleap/data/warehouse/base_v2_final/test
base:exp33_pallet_stacks_low_light,exp33_pallet_stacks_low_light,base,128,15.726643562316895,0.4172428588484379,12.977973937988281,0.5125181168624114,24.57623364816469,25.879760674457124,18.554629317882927,,,,,,,,,,,/Users/orram/Tensorleap/data/warehouse/base_v2_final/exp33_pallet_stacks_low_light
base:exp11_gaussian_noise_medium,exp11_gaussian_noise_medium,base,128,15.951091766357422,0.4214006073735247,13.315415382385254,0.5389813208225822,21.876840180636265,22.3007326821496,19.078348569420655,,,,,,,,,,,/Users/orram/Tensorleap/data/warehouse/base_v2_final/exp11_gaussian_noise_medium
base:exp25_image_aug_cool_gain,exp25_image_aug_cool_gain,base,128,16.016481399536133,0.4396396794725119,13.5706787109375,0.5267207242949876,24.260836768828312,25.58561703022543,19.121292804549206,,,,,,,,,,,/Users/orram/Tensorleap/data/warehouse/base_v2_final/exp25_image_aug_cool_gain
base:exp04_forklifts_low_pov,exp04_forklifts_low_pov,base,128,16.32962417602539,0.4412138729102517,14.039419174194336,0.5514715815839283,21.918120674910107,21.021972465998886,19.142757153985713,,,,,,,,,,,/Users/orram/Tensorleap/data/warehouse/base_v2_final/exp04_forklifts_low_pov
base:exp26_image_aug_darken,exp26_image_aug_darken,base,128,16.661602020263672,0.48910673884192757,14.527655601501465,0.5425404358012121,25.032880476925197,26.293272384224537,18.80247153763281,,,,,,,,,,,/Users/orram/Tensorleap/data/warehouse/base_v2_final/exp26_image_aug_darken
base:exp28_image_aug_low_gamma,exp28_image_aug_low_gamma,base,128,16.77853012084961,0.497665830883825,14.637690544128418,0.5450714232403597,24.929048435811332,26.502458013672722,19.21190302178572,,,,,,,,,,,/Users/orram/Tensorleap/data/warehouse/base_v2_final/exp28_image_aug_low_gamma
base:exp22_image_aug_contrast,exp22_image_aug_contrast,base,128,16.82272720336914,0.5018533275171371,14.554788589477539,0.5494142224441119,25.155153136125428,26.578565600530176,19.518682630542404,,,,,,,,,,,/Users/orram/Tensorleap/data/warehouse/base_v2_final/exp22_image_aug_contrast
base:exp24_image_aug_warm_gain,exp24_image_aug_warm_gain,base,128,16.854291915893555,0.4963891958142004,14.354098320007324,0.5526756381190224,24.575914202810104,25.9919829374018,20.360911540925965,,,,,,,,,,,/Users/orram/Tensorleap/data/warehouse/base_v2_final/exp24_image_aug_warm_gain
base:exp27_image_aug_low_contrast,exp27_image_aug_low_contrast,base,128,16.86882209777832,0.5051406724972287,14.73276138305664,0.549542086234045,24.89758237113486,26.429292575959643,20.049680312111658,,,,,,,,,,,/Users/orram/Tensorleap/data/warehouse/base_v2_final/exp27_image_aug_low_contrast
base:exp23_image_aug_gamma,exp23_image_aug_gamma,base,128,16.974449157714844,0.5100193141068528,14.783055305480957,0.5554751126429844,24.795034934049816,26.227945080099765,19.01871598359622,,,,,,,,,,,/Users/orram/Tensorleap/data/warehouse/base_v2_final/exp23_image_aug_gamma
base:exp21_image_aug_brightness,exp21_image_aug_brightness,base,128,16.988679885864258,0.5135161097553645,14.897345542907715,0.5564930006397238,24.835464931961305,26.223090199116072,20.224681734057324,,,,,,,,,,,/Users/orram/Tensorleap/data/warehouse/base_v2_final/exp21_image_aug_brightness
base:exp20_reference_mixed_deployment,exp20_reference_mixed_deployment,base,128,17.062915802001953,0.5157276229572865,14.52959156036377,0.5595929317983619,24.43905129140515,26.009819526885423,19.972161774823828,,,,,,,,,,,/Users/orram/Tensorleap/data/warehouse/base_v2_final/exp20_reference_mixed_deployment
base:exp19_low_light_medium_clutter,exp19_low_light_medium_clutter,base,128,17.0687198638916,0.5070410431750771,14.467885971069336,0.5645852833549544,24.274817593699296,25.947072900479334,19.950934008815658,,,,,,,,,,,/Users/orram/Tensorleap/data/warehouse/base_v2_final/exp19_low_light_medium_clutter
base:exp12_jpeg_artifacts,exp12_jpeg_artifacts,base,128,17.405040740966797,0.5247899899708006,13.83679485321045,0.5663397553914918,24.86752536779749,26.02730290759959,19.666642138750746,,,,,,,,,,,/Users/orram/Tensorleap/data/warehouse/base_v2_final/exp12_jpeg_artifacts
base:exp18_high_spread_objects,exp18_high_spread_objects,base,128,17.46710777282715,0.5337076791848758,14.793048858642578,0.5696721033303092,24.71218971287435,26.00482876486133,19.452974677686807,,,,,,,,,,,/Users/orram/Tensorleap/data/warehouse/base_v2_final/exp18_high_spread_objects
base:exp30_forklift_side_view,exp30_forklift_side_view,base,128,17.680116653442383,0.5504617021854621,15.636255264282227,0.5809537428438913,24.08348303858789,26.415537605264923,19.463540583986266,,,,,,,,,,,/Users/orram/Tensorleap/data/warehouse/base_v2_final/exp30_forklift_side_view
base:exp08_roll_variation_medium_noise,exp08_roll_variation_medium_noise,base,128,17.782407760620117,0.5638387210530388,15.317212104797363,0.5789722639062111,24.76960861397886,25.66856898697425,19.72353574844573,,,,,,,,,,,/Users/orram/Tensorleap/data/warehouse/base_v2_final/exp08_roll_variation_medium_noise
base:exp10_shot_noise_dark,exp10_shot_noise_dark,base,128,17.888839721679688,0.5790417641965286,15.48084831237793,0.5816554985856449,25.157695110299258,26.313139316096503,20.007753649829095,,,,,,,,,,,/Users/orram/Tensorleap/data/warehouse/base_v2_final/exp10_shot_noise_dark
base:exp05_floor_level_wide_spread,exp05_floor_level_wide_spread,base,128,18.139801025390625,0.5742658512516514,14.890836715698242,0.5874057301015371,25.458972243544892,27.069114177555907,19.053554040685516,,,,,,,,,,,/Users/orram/Tensorleap/data/warehouse/base_v2_final/exp05_floor_level_wide_spread
base:exp06_close_telephoto_sparse,exp06_close_telephoto_sparse,base,128,18.436128616333008,0.6187212863354529,14.81010913848877,0.593049903706618,26.684127646078036,27.33459156617993,21.752431365435243,,,,,,,,,,,/Users/orram/Tensorleap/data/warehouse/base_v2_final/exp06_close_telephoto_sparse
base:exp01_clean_overhead_low_noise,exp01_clean_overhead_low_noise,base,128,18.580196380615234,0.561428537585138,15.803264617919922,0.6209553163158553,22.76601411562585,23.631606477511397,22.095844634140402,,,,,,,,,,,/Users/orram/Tensorleap/data/warehouse/base_v2_final/exp01_clean_overhead_low_noise
base:exp31_dt_boxes_pallet_distractors,exp31_dt_boxes_pallet_distractors,base,128,18.75653839111328,0.592723475737438,14.312294960021973,0.6159101602579582,26.00058821136917,26.935642836113875,20.429231733601497,,,,,,,,,,,/Users/orram/Tensorleap/data/warehouse/base_v2_final/exp31_dt_boxes_pallet_distractors
base:exp09_forward_pov_low_noise,exp09_forward_pov_low_noise,base,128,19.43321990966797,0.6693975393668923,16.678510665893555,0.6342936827646712,25.46832370880331,26.378216728623954,26.223336015743122,,,,,,,,,,,/Users/orram/Tensorleap/data/warehouse/base_v2_final/exp09_forward_pov_low_noise
base:exp16_fisheye_polynomial,exp16_fisheye_polynomial,base,128,19.841670989990234,0.590581412314924,14.629749298095703,0.6647234037296834,22.550560476321422,22.229470039578793,22.623720484968757,,,,,,,,,,,/Users/orram/Tensorleap/data/warehouse/base_v2_final/exp16_fisheye_polynomial
