run,isaac_parent,set,n_frames,mmd_isaac_vs_real,mmd_cosmos_vs_real,delta_isaac_minus_cosmos
dl09_cam_r01_iter006_run001_seed1024,dl09_cam_r01_iter006_run001_seed1024,20260713_cosmos_transfer_optuna_23runs_1seed,128,0.389774,0.387917,0.001857
r4_top4_full_warehouse_seed1024,r4_top4_full_warehouse_seed1024,20260713_cosmos_transfer_optuna_23runs_1seed,128,0.366516,0.432153,-0.065637
dp05_camjit_r01_iter002_run001_seed42,dp05_camjit_r01_iter002_run001_seed42,20260713_cosmos_transfer_optuna_23runs_1seed,128,0.404657,0.433226,-0.028569
exp19_patrol_robot_low_seed42_clean,exp19_patrol_robot_low_seed42,20260712_cosmos_transfer_all_seeds_2prompts,128,0.767465,0.441451,0.326014
dl08_occ_r02_iter007_run001_seed789,dl08_occ_r02_iter007_run001_seed789,20260713_cosmos_transfer_optuna_23runs_1seed,128,0.393528,0.444118,-0.05059
dp10_occ_r02_iter006_run002_seed42,dp10_occ_r02_iter006_run002_seed42,20260713_cosmos_transfer_optuna_23runs_1seed,128,0.411209,0.447979,-0.036769
exp19_patrol_robot_low_seed42_gritty,exp19_patrol_robot_low_seed42,20260712_cosmos_transfer_all_seeds_2prompts,128,0.767465,0.45492,0.312545
exp24_high_contrast_hard_shadow_seed1024,exp24_high_contrast_hard_shadow_seed1024,20260713_cosmos_transfer_new_themes_2seeds,128,0.468165,0.478746,-0.01058
exp23_neon_colored_lighting_seed1024,exp23_neon_colored_lighting_seed1024,20260713_cosmos_transfer_new_themes_2seeds,128,0.49378,0.496044,-0.002264
dp04_agent_r03_iter009_run001_seed123,dp04_agent_r03_iter009_run001_seed123,20260713_cosmos_transfer_optuna_23runs_1seed,128,0.436243,0.499912,-0.063669
r3_top3_full_warehouse_seed456,r3_top3_full_warehouse_seed456,20260713_cosmos_transfer_optuna_23runs_1seed,128,0.522371,0.502471,0.0199
dp07_occ_r01_iter001_run001_seed456,dp07_occ_r01_iter001_run001_seed456,20260713_cosmos_transfer_optuna_23runs_1seed,128,0.491073,0.50306,-0.011987
dl04_scene_r02_iter008_run001_seed456,dl04_scene_r02_iter008_run001_seed456,20260713_cosmos_transfer_optuna_23runs_1seed,128,0.527218,0.524799,0.002419
exp20_dense_clutter_seed42,exp20_dense_clutter_seed42,20260713_cosmos_transfer_new_themes_2seeds,128,0.596418,0.530204,0.066214
r2_top2_full_warehouse_seed1024,r2_top2_full_warehouse_seed1024,20260713_cosmos_transfer_optuna_23runs_1seed,128,0.557984,0.538466,0.019518
exp25_overexposed_blownout_seed42,exp25_overexposed_blownout_seed42,20260713_cosmos_transfer_new_themes_2seeds,128,0.549469,0.553868,-0.004399
dl02_occ_r01_iter004_run000_seed789,dl02_occ_r01_iter004_run000_seed789,20260713_cosmos_transfer_optuna_23runs_1seed,128,0.56682,0.554032,0.012788
dp02_occ_r02_iter003_run002_seed42,dp02_occ_r02_iter003_run002_seed42,20260713_cosmos_transfer_optuna_23runs_1seed,128,0.528272,0.558083,-0.029811
exp11_overhead_survey_seed42_clean,exp11_overhead_survey_seed42,20260712_cosmos_transfer_all_seeds_2prompts,128,0.470042,0.558616,-0.088574
dp09_scene_r01_iter003_run002_seed42,dp09_scene_r01_iter003_run002_seed42,20260713_cosmos_transfer_optuna_23runs_1seed,128,0.445205,0.560422,-0.115217
dp08_scene_r03_iter008_run001_seed1024,dp08_scene_r03_iter008_run001_seed1024,20260713_cosmos_transfer_optuna_23runs_1seed,128,0.557597,0.565511,-0.007914
exp03_forklift_yard_tight_seed42_clean,exp03_forklift_yard_tight_seed42,20260712_cosmos_transfer_all_seeds_2prompts,128,0.636109,0.566297,0.069812
exp23_neon_colored_lighting_seed42,exp23_neon_colored_lighting_seed42,20260713_cosmos_transfer_new_themes_2seeds,128,0.58006,0.574099,0.00596
exp24_high_contrast_hard_shadow_seed42,exp24_high_contrast_hard_shadow_seed42,20260713_cosmos_transfer_new_themes_2seeds,128,0.561429,0.581262,-0.019833
exp14_night_shift_dim_seed42_clean,exp14_night_shift_dim_seed42,20260712_cosmos_transfer_all_seeds_2prompts,128,0.563757,0.584715,-0.020958
exp01_tight_eye_level_bright_seed42_gritty,exp01_tight_eye_level_bright_seed42,20260712_cosmos_transfer_all_seeds_2prompts,128,0.543904,0.591817,-0.047913
exp11_overhead_survey_seed42_gritty,exp11_overhead_survey_seed42,20260712_cosmos_transfer_all_seeds_2prompts,128,0.470042,0.598331,-0.128288
exp03_forklift_yard_tight_seed42_gritty,exp03_forklift_yard_tight_seed42,20260712_cosmos_transfer_all_seeds_2prompts,128,0.636109,0.601074,0.035035
exp01_tight_eye_level_bright_seed42_clean,exp01_tight_eye_level_bright_seed42,20260712_cosmos_transfer_all_seeds_2prompts,128,0.543904,0.604012,-0.060108
exp22_ultrawide_low_walker_seed1024,exp22_ultrawide_low_walker_seed1024,20260713_cosmos_transfer_new_themes_2seeds,128,0.577809,0.60517,-0.027361
exp14_night_shift_dim_seed42_gritty,exp14_night_shift_dim_seed42,20260712_cosmos_transfer_all_seeds_2prompts,128,0.563757,0.629671,-0.065914
exp21_sparse_minimal_seed1024,exp21_sparse_minimal_seed1024,20260713_cosmos_transfer_new_themes_2seeds,128,0.665262,0.633915,0.031347
exp06_bright_dense_mixed_seed42_gritty,exp06_bright_dense_mixed_seed42,20260712_cosmos_transfer_all_seeds_2prompts,128,0.587164,0.664522,-0.077358
exp20_dense_clutter_seed1024,exp20_dense_clutter_seed1024,20260713_cosmos_transfer_new_themes_2seeds,128,0.764987,0.672714,0.092273
dp06_cam_r03_iter005_run000_seed789,dp06_cam_r03_iter005_run000_seed789,20260713_cosmos_transfer_optuna_23runs_1seed,128,0.704536,0.674607,0.02993
exp06_bright_dense_mixed_seed42_clean,exp06_bright_dense_mixed_seed42,20260712_cosmos_transfer_all_seeds_2prompts,128,0.587164,0.676382,-0.089218
r1_top1_full_warehouse_seed123,r1_top1_full_warehouse_seed123,20260713_cosmos_transfer_optuna_23runs_1seed,128,0.689634,0.693633,-0.003999
dp03_agent_r03_iter001_run003_seed456,dp03_agent_r03_iter001_run003_seed456,20260713_cosmos_transfer_optuna_23runs_1seed,128,0.791763,0.712269,0.079494
exp21_sparse_minimal_seed42,exp21_sparse_minimal_seed42,20260713_cosmos_transfer_new_themes_2seeds,128,0.869136,0.86367,0.005466
