distribution_id,simulation_type,n_samples,metadata.synth_metadata_mean_std_synth_dataset_noise_enabled,metadata.synth_metadata_mean_std_synth_dataset_noise_mode,metadata.synth_metadata_mean_std_synth_dataset_noise_shot_scale_mean,metadata.synth_metadata_mean_std_synth_dataset_noise_shot_scale_std,metadata.synth_metadata_mean_std_synth_dataset_noise_sigma_mean,metadata.synth_metadata_mean_std_synth_dataset_noise_sigma_std,metadata.synth_metadata_mean_std_synth_camera_height_mean,metadata.synth_metadata_mean_std_synth_camera_height_std,metadata.synth_metadata_mean_std_synth_env_name,metadata.synth_metadata_mean_std_synth_camera_roll_std,metadata.synth_metadata_mean_std_synth_camera_tilt_std,metadata.synth_metadata_mean_std_synth_clutter_level,metadata.synth_metadata_mean_std_synth_dataset_noise_seed,metadata.synth_metadata_mean_std_synth_camera_yaw_mean,metadata.synth_metadata_mean_std_synth_camera_yaw_std,metadata.synth_metadata_mean_std_synth_dist_BarelPlastic_diversity,metadata.synth_metadata_mean_std_synth_dist_BarelPlastic_occurrence,metadata.synth_metadata_mean_std_synth_dist_Bucket_diversity,metadata.synth_metadata_mean_std_synth_dist_Bucket_instances,metadata.synth_metadata_mean_std_synth_dist_Bucket_occurrence,metadata.synth_metadata_mean_std_synth_dist_CardBox_instances,metadata.synth_metadata_mean_std_synth_dist_CardBox_diversity,metadata.synth_metadata_mean_std_synth_dist_PushCart_diversity,metadata.synth_metadata_mean_std_synth_dist_PushCart_instances,metadata.synth_metadata_mean_std_synth_dist_PushCart_occurrence,metadata.synth_metadata_mean_std_synth_dist_CratePlastic_diversity,metadata.synth_metadata_mean_std_synth_dist_CratePlastic_instances,metadata.synth_metadata_mean_std_synth_dist_RackPile_diversity,metadata.synth_metadata_mean_std_synth_dist_RackPile_instances,metadata.synth_metadata_mean_std_synth_dist_RackPile_occurrence,metadata.synth_metadata_mean_std_synth_distractor_position_mean_x,metadata.synth_metadata_mean_std_synth_distractors,metadata.synth_metadata_mean_std_synth_focal_length_std,metadata.synth_metadata_mean_std_synth_fov_mean,metadata.synth_metadata_mean_std_synth_camera_roll_mean,metadata.synth_metadata_mean_std_synth_camera_tilt_mean,metadata.synth_metadata_mean_std_synth_fov_std,metadata.synth_metadata_mean_std_synth_image_augmentation_enabled,metadata.synth_metadata_mean_std_synth_image_brightness_gain_mean,metadata.synth_metadata_mean_std_synth_image_brightness_gain_std,metadata.synth_metadata_mean_std_synth_texture_1,metadata.synth_metadata_mean_std_synth_texture_2,metadata.synth_metadata_mean_std_synth_texture_3,metadata.synth_metadata_mean_std_synth_image_contrast_gain_mean,metadata.synth_metadata_mean_std_synth_image_contrast_gain_std,metadata.synth_metadata_mean_std_synth_image_gamma_mean,metadata.synth_metadata_mean_std_synth_image_gamma_std,metadata.synth_metadata_mean_std_synth_lighting_color_mean_b,metadata.synth_metadata_mean_std_synth_lighting_color_mean_g,metadata.synth_metadata_mean_std_synth_lighting_color_mean_r,metadata.synth_metadata_mean_std_synth_lighting_color_std_b,metadata.synth_metadata_mean_std_synth_lighting_color_std_g,metadata.synth_metadata_mean_std_synth_lighting_color_std_r,metadata.synth_metadata_mean_std_synth_lighting_intensity_mean,metadata.synth_metadata_mean_std_synth_lighting_intensity_std,metadata.synth_metadata_mean_std_synth_materials_emissive_intensity_mean,metadata.synth_metadata_mean_std_synth_materials_emissive_intensity_std
dist_109,simulation_1,128,1,shot,60,3,6.074579176571544,0.8345204746703034,1.0959984848616782,0.4978370244354665,warehouse_multiple_shelves,7,1.2829266919105389,1.7033572337794263,-1,180,96.44617182895637,3,3,1,3,2,14,3,1,3,3,4,9,1,6,2,0,warehouse,0,95,0,-1,8.968679718256858,0,1,0,nv_rubber_woven_charcoal.jpg,nv_concrete_aged_with_lines.jpg,,1,0,1,0,0.5,0.5,0.5,0.2886823085723622,0.2886809208559464,0.28867712807274826,148278,112563,261,74.28017782552732
dist_110,simulation_1,128,0,jpeg,28,0,3.4324298594333937,1.242359724325142,2.9925562791754734,0.533885534613836,warehouse_multiple_shelves,2,3.018076221326446,0.6936429868989639,-1,180,62.19189126750216,3,2,1,1,2,21,4,1,1,1,4,10,1,2,3,0,warehouse,0,95,0,-1,8.019665157234906,0,1,0,nv_rubber_woven_charcoal.jpg,nv_concrete_aged_with_lines.jpg,,1,0,1,0,0.5,0.5,0.5,0.28868138773591684,0.2886763068680193,0.2886791963522147,161682,571750,92,195.96822158098942
dist_111,simulation_1,128,0,gaussian_jpeg,67,2,3.350662671832653,1.9571056391399209,1.465425836751233,0.21635029349398888,warehouse_multiple_shelves,10,4.845446968163834,0.7178621256641996,-1,180,79.17165753270797,3,3,1,1,2,16,4,2,2,2,2,4,3,5,3,0,warehouse,0,88,0,-1,8.758030152146025,0,1,0,nv_concrete_aged_with_lines.jpg,,,1,0,1,0,0.5,0.5,0.5,0.2886772799726886,0.2886767524878569,0.28868072316534643,119032,412529,390,91.66330328437887
dist_112,simulation_1,128,1,jpeg,90,2,11.458325028842328,0.14796142923676522,2.6187910825564646,0.3217734977902777,warehouse_multiple_shelves,2,4.816247789785669,0.41749884275656646,-1,180,63.9257423089251,3,2,1,3,2,28,5,2,1,2,3,5,1,2,4,0,warehouse,0,63,0,-1,8.66717992604601,0,1,0,nv_rubber_woven_charcoal.jpg,nv_concrete_aged_with_lines.jpg,,1,0,1,0,0.5,0.5,0.5,0.28867875296797424,0.2886755673659746,0.28867912001347434,150282,487211,296,87.30130144247514
dist_113,simulation_1,128,0,jpeg,22,0,6.524876507164019,1.4965387511236155,2.2437224280125445,0.5322805933685638,warehouse_multiple_shelves,5,1.4122528626684765,0.9383557286408026,-1,180,53.02884559720886,2,2,1,2,2,13,5,1,2,2,3,13,1,3,2,0,warehouse,0,104,0,-1,6.911292281210537,0,1,0,nv_rubber_woven_charcoal.jpg,nv_concrete_aged_with_lines.jpg,,1,0,1,0,0.5,0.5,0.5,0.28867756335813827,0.28867620005847217,0.2886840865998567,171392,553550,117,113.04401583485291
dist_114,simulation_1,128,1,shot,64,2,1.8472218428313285,0.8527471911450155,1.128189423617214,0.498996026656528,warehouse_multiple_shelves,10,3.0413630357996384,1.7732763315879225,-1,180,96.99449880523345,3,3,1,2,2,3,2,1,3,3,4,22,1,2,2,0,warehouse,0,99,0,-1,9.057005194643889,0,1,0,nv_rubber_woven_charcoal.jpg,nv_concrete_aged_with_lines.jpg,,1,0,1,0,0.5,0.5,0.5,0.2886778968633762,0.2886753026776795,0.28867539757560456,98093,73423,301,143.0075765571948
dist_115,simulation_1,128,0,jpeg,40,1,3.9110161288286434,1.38764800037542,2.006298764360415,0.5416752702310649,warehouse_multiple_shelves,1,1.0490098517304265,1.3625869085873292,-1,180,53.64920834087394,2,2,1,3,2,13,6,1,2,2,4,12,1,1,4,0,warehouse,0,102,0,-1,9.190978816574544,0,1,0,nv_rubber_woven_charcoal.jpg,nv_concrete_aged_with_lines.jpg,,1,0,1,0,0.5,0.5,0.5,0.2886757880533507,0.28867593903368544,0.28867663369501345,138311,475500,152,123.79454670523512
dist_116,simulation_1,128,1,shot,62,2,6.7745257906966865,0.3721953487624257,0.6560027184765072,0.4597894437004589,warehouse_multiple_shelves,8,3.3835026800692267,0.8600061442285718,-1,180,84.90107009954811,2,4,1,4,2,13,2,1,3,3,4,5,1,5,3,0,warehouse,0,99,0,-1,8.189490465188541,0,1,0,nv_rubber_woven_charcoal.jpg,nv_concrete_aged_with_lines.jpg,,1,0,1,0,0.5,0.5,0.5,0.28867774679609076,0.28867817921616007,0.28867960550156996,120169,82070,341,193.68241684259755
dist_117,simulation_1,128,1,jpeg,45,1,11.119726678083456,0.42210162453620076,1.2753281673824812,0.1076290123519314,warehouse_multiple_shelves,7,1.3525832940925784,0.504676413090072,-1,180,101.66626324412776,5,2,1,3,2,15,5,1,2,3,2,5,1,4,4,0,warehouse,0,69,0,-1,8.996724922952438,0,1,0,nv_asphalt_yellow_weathered.jpg,nv_concrete_aged_with_lines.jpg,,1,0,1,0,0.5,0.5,0.5,0.28869586191362595,0.28869919482605694,0.2886958794900734,119876,490253,374,90.63249129697847
dist_118,simulation_1,128,0,jpeg,44,0,2.5496751863132276,0.8875500223410138,1.7470886474945502,0.47220138429674835,warehouse_multiple_shelves,0,1.1008941391403146,0.5071702096964653,-1,180,45.607488045471165,3,3,1,2,2,20,4,1,1,2,4,17,2,3,3,0,warehouse,0,101,0,-1,9.34094044552986,0,1,0,nv_rubber_woven_charcoal.jpg,nv_concrete_aged_with_lines.jpg,,1,0,1,0,0.5,0.5,0.5,0.28867615814479813,0.2886750582678022,0.28867833144019345,122855,582511,65,93.94672287383457
dist_119,simulation_1,128,1,shot,50,2,6.568114450780583,0.6878524941557802,1.004939268969189,0.44465735540427337,warehouse_multiple_shelves,9,2.3645204911094733,1.424307186043536,-1,180,99.13223462135042,3,3,1,2,2,13,4,1,5,3,4,15,1,2,2,0,warehouse,0,111,0,-1,6.753957170447327,0,1,0,nv_rubber_woven_charcoal.jpg,nv_concrete_aged_with_lines.jpg,,1,0,1,0,0.5,0.5,0.5,0.2886845190281772,0.2886781122012737,0.2886772555144016,51512,107074,415,96.93387806346182
dist_120,simulation_1,128,0,jpeg,32,0,3.658935302901408,1.8669973771133448,1.1751321873480676,0.5637166098363856,warehouse_multiple_shelves,4,0.8546785925180443,0.6378777227790369,-1,180,58.75660658061129,2,3,1,3,2,26,6,1,1,2,4,17,2,4,4,0,warehouse,0,111,0,-1,7.470770872210248,0,1,0,nv_rubber_woven_charcoal.jpg,nv_concrete_aged_with_lines.jpg,,1,0,1,0,0.5,0.5,0.5,0.2886777167386736,0.2886840927565065,0.28867607004938306,161288,559609,148,127.19892171411334
dist_121,simulation_1,128,1,shot,61,3,9.31200367112309,0.7617966633319562,0.9899126239298431,0.5553911134040797,warehouse_multiple_shelves,10,1.584154827427118,0.6456696845094925,-1,180,90.39819950945098,3,2,1,3,2,16,4,1,2,3,4,6,1,3,1,0,warehouse,0,96,0,-1,7.27061991660267,0,1,0,nv_rubber_woven_charcoal.jpg,nv_concrete_aged_with_lines.jpg,,1,0,1,0,0.5,0.5,0.5,0.28868191356007045,0.2886752437908577,0.28867767911599673,115847,183480,360,131.9787339700788
dist_122,simulation_1,128,1,shot,79,2,4.599902258785093,0.7145834037451215,1.0394231069427455,0.49780019079459387,warehouse_multiple_shelves,10,1.6268834093293298,0.9091621358845261,-1,180,96.85350001873078,2,3,1,3,2,12,5,1,2,3,4,6,1,1,1,0,warehouse,0,89,0,-1,6.759728648227902,0,1,0,nv_rubber_woven_charcoal.jpg,nv_concrete_aged_with_lines.jpg,,1,0,1,0,0.5,0.5,0.5,0.28868319500655804,0.2886766454585338,0.28867679104667193,116481,76422,198,104.70293177223795
dist_123,simulation_1,128,0,jpeg,34,0,4.786183680964129,1.3612605709489056,1.9711273466963697,0.44029672241973944,warehouse_multiple_shelves,0,0.9908496574969039,0.6853220538831399,-1,180,37.47453086711562,2,3,1,1,2,18,4,2,2,2,4,2,1,1,3,0,warehouse,0,112,0,-1,8.290338033052143,0,1,0,nv_rubber_woven_charcoal.jpg,nv_gravel_grey_leaves.jpg,,1,0,1,0,0.5,0.5,0.5,0.28867690114196276,0.28867762792057217,0.28867741451225704,134027,511024,68,99.1450896304969
dist_124,simulation_1,128,0,gaussian_jpeg,76,1,4.1922869063729244,1.0906493705427756,1.2855883200976193,0.10016502853002146,warehouse_multiple_shelves,10,4.932511881812359,0.34631476267385053,-1,180,47.50733224429216,3,4,1,1,2,12,2,2,2,3,2,13,3,1,2,0,warehouse,0,91,0,-1,6.351941584155039,0,1,0,nv_concrete_aged_with_lines.jpg,nv_granite_tile.jpg,,1,0,1,0,0.5,0.5,0.5,0.28867662150743434,0.28867822956461003,0.28867837891926196,116986,412790,298,70.06299003445038
dist_125,simulation_1,128,0,jpeg,53,2,8.658035557025165,0.12345821160284592,1.4692419146427425,0.22182691231334722,warehouse_multiple_shelves,9,3.928971081531404,0.9299687961385805,-1,180,91.77250207315022,5,2,1,2,2,8,6,1,2,3,3,12,1,4,4,0,warehouse,0,99,0,-1,8.662099859979932,0,1,0,nv_wooden_wall.jpg,nv_tile_hexagonal_green_white.jpg,,1,0,1,0,0.5,0.5,0.5,0.2886972345045225,0.28869868425843415,0.28869947092068915,148388,449868,406,34.44659879218176
dist_126,simulation_1,128,0,jpeg,33,1,4.84631524126884,0.9693764056861625,1.9028858653159004,0.5252906762342808,warehouse_multiple_shelves,2,2.226676673557174,0.5172136828335034,-1,180,46.8593417977797,2,2,1,2,2,23,4,1,1,2,3,19,1,3,3,0,warehouse,0,109,0,-1,9.223093540860491,0,1,0,nv_rubber_woven_charcoal.jpg,nv_concrete_aged_with_lines.jpg,,1,0,1,0,0.5,0.5,0.5,0.28867546979692266,0.28868289391129454,0.2886830944388739,107414,482945,175,116.88254673190488
dist_127,simulation_1,128,0,gaussian_jpeg,88,2,3.3081323477765854,0.7888791063310838,1.6280265834698375,0.2098468291667001,warehouse_multiple_shelves,9,5.250987778790672,0.27678649330777083,-1,180,48.679091463761694,3,4,1,2,2,13,4,2,2,3,2,6,2,3,2,0,warehouse,0,109,0,-1,6.908699651820089,0,1,0,nv_concrete_aged_with_lines.jpg,nv_granite_tile.jpg,,1,0,1,0,0.5,0.5,0.5,0.28867665647340784,0.2886800237806533,0.28868000127241805,112313,518958,368,98.58148007327235
dist_128,simulation_1,128,1,jpeg,62,2,11.055756592146203,0.34975464638083,1.8525032102566412,0.40825620987577294,warehouse_multiple_shelves,8,4.910273212428019,1.0753813782828028,-1,180,77.46016673411248,5,3,1,3,2,21,6,1,2,3,3,6,2,10,4,0,warehouse,0,90,0,-1,9.244229634328292,0,1,0,nv_rubber_woven_charcoal.jpg,nv_concrete_aged_with_lines.jpg,,1,0,1,0,0.5,0.5,0.5,0.28868004633217353,0.2886762369385574,0.2886796859145878,108945,418194,398,39.39257923084857
dist_129,simulation_1,128,0,jpeg,35,0,2.1313369102638573,1.7032453928586198,1.8073161320763602,0.43382040380132925,warehouse_multiple_shelves,2,3.7156244442952797,0.4686727158147125,-1,180,56.62439541845611,3,2,1,2,2,15,5,1,2,2,4,7,1,1,3,0,warehouse,0,101,0,-1,8.56153492197293,0,1,0,nv_rubber_woven_charcoal.jpg,nv_concrete_aged_with_lines.jpg,,1,0,1,0,0.5,0.5,0.5,0.28867718790930796,0.2886784783851381,0.2886798692901712,132577,592524,157,121.50071736270316
dist_130,simulation_1,128,1,jpeg,36,0,2.797686454461641,1.5172673117435362,1.8216354647748276,0.5006773899595491,warehouse_multiple_shelves,1,1.2794727788096236,0.626021575260786,-1,180,30.847229023904603,2,3,1,1,2,4,5,1,1,2,4,16,2,5,3,0,warehouse,0,109,0,-1,8.655380558743172,0,1,0,nv_rubber_woven_charcoal.jpg,,,1,0,1,0,0.5,0.5,0.5,0.28867648930913736,0.2886786472735686,0.28868130857922597,152445,549151,81,156.561558972397
dist_131,simulation_1,128,0,jpeg,34,1,0.38814051188687104,1.4928435985017012,3.0204692263202153,0.5390408981515529,warehouse_multiple_shelves,4,3.4552413036662903,1.1791760402983704,-1,180,49.78502496030855,3,3,1,1,2,22,4,1,2,2,3,11,2,3,2,0,warehouse,0,107,0,-1,7.722477900379678,0,1,0,nv_rubber_woven_charcoal.jpg,nv_concrete_aged_with_lines.jpg,,1,0,1,0,0.5,0.5,0.5,0.2886776304515528,0.28867896656720277,0.28867952556522364,155922,560860,111,145.17659110621773
dist_132,simulation_1,128,1,shot,61,2,5.236711303599361,1.1804806292349936,1.1738154242568117,0.5171962709136161,warehouse_multiple_shelves,10,2.191751663153099,1.152387298477258,-1,180,88.51033772557473,2,4,1,2,2,8,4,1,4,3,4,12,2,3,1,0,warehouse,0,107,0,-1,8.249297317530127,0,1,0,nv_plastic_blue.jpg,nv_gravel_grey_leaves.jpg,,1,0,1,0,0.5,0.5,0.5,0.2886831482817058,0.2886764960917233,0.2886767721676773,59350,62190,295,87.78236931225501
dist_133,simulation_1,128,0,jpeg,52,0,3.0750639671925235,1.794919218808006,1.5393227819443922,0.548429598837731,warehouse_multiple_shelves,4,0.7980105855969578,0.8892631644513647,-1,180,39.39334021601652,3,3,1,2,2,5,5,1,1,2,3,8,1,2,3,0,warehouse,0,106,0,-1,6.8630321243695205,0,1,0,nv_rubber_woven_charcoal.jpg,nv_concrete_aged_with_lines.jpg,,1,0,1,0,0.5,0.5,0.5,0.28868227787223816,0.2886775498585905,0.288677109407986,176000,563942,131,82.00001874140466
dist_134,simulation_1,128,0,jpeg,34,0,4.936266385719549,1.82734690780846,2.58725752721863,0.44245584715171776,warehouse_multiple_shelves,0,1.9958537777205057,1.2583738296909146,-1,180,51.76127628092687,3,2,1,3,2,9,5,2,3,2,4,6,1,1,3,0,warehouse,0,97,0,-1,7.817899870455269,0,1,0,nv_rubber_woven_charcoal.jpg,nv_concrete_aged_with_lines.jpg,,1,0,1,0,0.5,0.5,0.5,0.2886767552204112,0.2886800568936319,0.28867727124022485,122194,542686,71,157.53987725791023
dist_135,simulation_1,128,0,jpeg,33,1,2.6054600778985435,1.528644591720655,1.900664274425976,0.42794722323994255,warehouse_multiple_shelves,0,1.9131366446156672,0.7779571373726508,-1,180,74.1746216074274,2,3,1,1,2,18,5,1,2,3,4,28,1,2,2,0,warehouse,0,109,0,-1,7.620860499747187,0,1,0,nv_rubber_woven_charcoal.jpg,nv_concrete_aged_with_lines.jpg,,1,0,1,0,0.5,0.5,0.5,0.28867701221384023,0.2886776096505458,0.28867703383497634,173035,548784,118,108.47353665721882
dist_136,simulation_1,128,0,jpeg,50,0,5.296684611595834,1.1788674772495975,1.7808136656511495,0.545420006309556,warehouse,0,1.8401841104549956,0.6750293561403798,-1,180,55.4013368797128,2,3,1,1,2,13,5,1,2,2,4,14,1,5,4,0,warehouse,0,111,0,-1,9.225113534773632,0,1,0,nv_rubber_woven_charcoal.jpg,nv_concrete_aged_with_lines.jpg,,1,0,1,0,0.5,0.5,0.5,0.2886815477478812,0.2886750536998988,0.2886760306303007,126484,509896,78,149.52296017214314
dist_137,simulation_1,128,1,shot,53,2,8.336437490898625,0.11438900305679267,0.6951595388621791,0.3935825535745825,warehouse_multiple_shelves,8,2.9449819564106625,0.9617288716171206,-1,180,94.15754715670992,2,3,1,2,2,11,4,1,3,3,4,9,1,6,2,0,warehouse,0,80,0,-1,8.81685205089903,0,1,0,nv_rubber_woven_charcoal.jpg,nv_concrete_aged_with_lines.jpg,,1,0,1,0,0.5,0.5,0.5,0.2886767244927534,0.2886768011786149,0.28867665943523,130319,65794,240,74.31030229132888
dist_138,simulation_1,128,0,gaussian_jpeg,88,2,9.057057792268804,1.0558561624249858,0.6408479474486756,0.2734343463684779,warehouse_multiple_shelves,9,4.424027231796454,0.5030160268554639,-1,180,66.14458416587064,3,2,1,1,2,18,4,2,3,3,2,6,3,4,1,0,warehouse,0,103,0,-1,8.419929460550026,0,1,0,nv_concrete_aged_with_lines.jpg,nv_tile_hexagonal_green_white.jpg,,1,0,1,0,0.5,0.5,0.5,0.2886790896611496,0.28867556896299384,0.2886793063651837,130303,594125,494,61.1490665898372
dist_139,simulation_1,128,1,jpeg,71,2,11.494572538634019,0.16380370315178616,1.3854476626427608,0.3239864026576633,warehouse_multiple_shelves,6,4.270755530015071,0.4713475738334925,-1,180,66.7430021900885,5,2,1,2,2,14,5,1,1,2,3,2,1,4,4,0,warehouse,0,95,0,-1,9.60831976547851,0,1,0,nv_wooden_wall.jpg,nv_concrete_aged_with_lines.jpg,nv_granite_tile.jpg,1,0,1,0,0.5,0.5,0.5,0.28869630249254935,0.2886989829120308,0.28869749243995463,135439,542492,347,139.24163748791275
dist_140,simulation_1,128,0,shot,50,2,1.8548522682578659,1.2562600845088672,1.1290691221658014,0.4581644782715316,warehouse_multiple_shelves,10,1.331164838537256,1.7286239066627296,-1,180,90.61943027916573,2,2,1,1,2,9,3,2,4,3,4,14,1,5,2,0,warehouse,0,107,0,-1,9.347145329867491,0,1,0,nv_rubber_woven_charcoal.jpg,nv_concrete_aged_with_lines.jpg,,1,0,1,0,0.5,0.5,0.5,0.2886757388314767,0.2886753102188012,0.2886778258938841,60809,117320,238,116.92101054357649
dist_141,simulation_1,128,1,shot_jpeg,69,3,3.485362481856412,1.418026783202097,1.9507780146083769,0.3833765186342361,warehouse_multiple_shelves,8,1.7215855483508558,0.379093055569204,-1,180,90.80119795847003,2,3,1,1,2,17,3,1,3,2,4,11,1,4,2,0,warehouse,0,112,0,-1,9.480599207262124,0,1,0,nv_rubber_woven_charcoal.jpg,nv_concrete_aged_with_lines.jpg,,1,0,1,0,0.5,0.5,0.5,0.28867556304933245,0.28867610665670435,0.2886779461458849,120875,93163,416,147.92689747430202
dist_142,simulation_1,128,1,shot,69,2,6.160411570576818,0.32494720225147405,1.8462487798070617,0.4281636788364112,warehouse_multiple_shelves,9,1.6671604374295084,1.8895818812360898,-1,180,71.64484288680295,2,3,1,1,2,10,3,1,3,3,4,7,1,1,2,0,warehouse,0,98,0,-1,9.200174912657703,0,1,0,nv_concrete_aged_with_lines.jpg,nv_concrete_aged_with_lines.jpg,,1,0,1,0,0.5,0.5,0.5,0.2886789980844258,0.28867931358445376,0.28867638061367,118269,159185,351,69.70343634129458
dist_143,simulation_1,128,1,gaussian_jpeg,29,2,10.22381203572021,1.2792394830974978,3.0924693703321453,0.29319279255659414,warehouse_multiple_shelves,2,5.930374535923332,1.043318910989299,-1,180,35.523529159568,3,2,1,3,2,5,4,1,1,1,2,15,1,4,3,0,warehouse,0,104,0,-1,9.44661684673851,0,1,0,nv_concrete_aged_with_lines.jpg,nv_granite_tile.jpg,,1,0,1,0,0.5,0.5,0.5,0.28867597559784747,0.28867759780790836,0.28867807991441863,171313,535362,260,144.3406971410953
dist_144,simulation_1,128,1,jpeg,41,2,9.278167421925422,0.19503514737430583,2.0818577191890877,0.11255641406226143,warehouse_multiple_shelves,9,3.1253760651668365,0.20897149342546362,-1,180,74.2944687568995,4,2,1,2,2,4,6,1,2,3,2,7,1,5,4,0,warehouse,0,87,0,-1,9.771786500147835,0,1,0,nv_marble.jpg,nv_granite_tile.jpg,,1,0,1,0,0.5,0.5,0.5,0.28869872153942655,0.2886965164695196,0.2886973774228208,126768,480903,328,110.87574081115898
dist_145,simulation_1,128,0,gaussian_jpeg,31,3,9.316588123876528,1.4732584755832983,3.515126484544017,0.325833331127174,warehouse_multiple_shelves,6,4.579085093485483,1.0913125158093506,-1,180,30.734790454759867,2,3,1,2,2,4,6,1,1,1,2,20,1,2,1,0,warehouse,0,103,0,-1,9.107730569387197,0,1,0,nv_concrete_aged_with_lines.jpg,nv_granite_tile.jpg,,1,0,1,0,0.5,0.5,0.5,0.28868032908547336,0.28867731310709954,0.2886792968395492,167496,469280,398,191.62112101828836
dist_146,simulation_1,128,1,shot,41,2,4.360905457561743,0.9563254966145108,1.2288536652833735,0.37549923262711105,warehouse_multiple_shelves,10,1.2473474907441757,0.6207169645963467,-1,180,91.71619396651151,2,4,1,1,2,22,2,1,2,3,4,4,1,1,2,0,warehouse,0,98,0,-1,9.361924986245311,0,1,0,nv_asphalt_yellow_weathered.jpg,nv_concrete_aged_with_lines.jpg,,1,0,1,0,0.5,0.5,0.5,0.28868026916572126,0.288675312808499,0.2886763555221866,91218,117479,364,86.88391158526491
dist_147,simulation_1,128,0,jpeg,23,0,0.9832876507846642,1.8215941939843157,0.7098399628667528,0.5805175116218271,warehouse_multiple_shelves,1,4.165725293119773,0.4229986560116687,-1,180,65.74682094885824,2,3,1,1,2,18,6,1,2,2,4,13,1,3,3,0,warehouse,0,112,0,-1,7.898199074913682,0,1,0,nv_rubber_woven_charcoal.jpg,nv_concrete_aged_with_lines.jpg,,1,0,1,0,0.5,0.5,0.5,0.28867599899924307,0.2886831790153472,0.28867621261076454,168922,478521,73,105.41619543495224
